rank,soc,title,readiness,employment,wage,wage_gain,wage_gain_pct
1,33-2011,Firefighters,78.22291285579333,345990,59280.0,3910.0,6.595816464237517
2,49-9021,"Heating, Air Conditioning, and Refrigeration Mechanics and Installers",77.03657268286459,409670,61010.0,2180.0,3.573184723815768
3,47-2031,Carpenters,76.72453670171397,670090,60580.0,2610.0,4.308352591614394
4,49-9071,"Maintenance and Repair Workers, General",76.13980769039217,1529700,49590.0,13600.0,27.424884049203467
5,27-4011,Audio and Video Technicians,72.84327615841616,70230,58100.0,5090.0,8.760757314974182
6,37-1012,"First-Line Supervisors of Landscaping, Lawn Service, and Groundskeeping Workers",72.30264596293759,130760,58430.0,4760.0,8.14650008557248
7,51-8031,Water and Wastewater Treatment Plant and System Operators,71.29091161817267,128490,60020.0,3170.0,5.281572809063645
8,47-2211,Sheet Metal Workers,71.28436061087196,119770,61800.0,1390.0,2.249190938511327
9,49-9062,Medical Equipment Repairers,70.23334606634599,65990,61660.0,1530.0,2.4813493350632503
10,47-4041,Hazardous Materials Removal Workers,70.12186607804361,51710,49450.0,13740.0,27.785642062689586
11,51-4081,"Multiple Machine Tool Setters, Operators, and Tenders, Metal and Plastic",69.74670718667628,124590,47180.0,16010.0,33.93387028401865
12,49-3023,Automotive Service Technicians and Mechanics,68.06226606303353,704640,50620.0,12570.0,24.832082180956142
13,47-3013,Helpers--Electricians,67.88586164618728,63630,42670.0,20520.0,48.089992969299274
14,35-1011,Chefs and Head Cooks,67.8222306009133,200040,62470.0,720.0,1.1525532255482631
15,49-2098,Security and Fire Alarm Systems Installers,67.62685695558557,86340,60070.0,3120.0,5.193940402863326
16,49-3021,Automotive Body and Related Repairers,66.75194492039647,149310,54890.0,8300.0,15.121151393696485
17,29-2056,Veterinary Technologists and Technicians,66.72542872510701,129140,47380.0,15810.0,33.36850991979738
18,51-9011,Chemical Equipment Operators and Tenders,66.56196151828526,139630,58040.0,5150.0,8.873190902825637
19,49-3031,Bus and Truck Mechanics and Diesel Engine Specialists,65.73084587873636,289960,61770.0,1420.0,2.2988505747126435
20,51-5112,Printing Press Operators,65.44314792626,144260,45780.0,17410.0,38.02970729576234
21,51-4041,Machinists,65.23295217303041,287050,58750.0,4440.0,7.5574468085106385
22,27-4021,Photographers,65.212928754329,51760,44660.0,18530.0,41.49126735333632
23,51-9161,Computer Numerically Controlled Tool Operators,65.12503479183309,169450,50690.0,12500.0,24.659696192542906
24,49-9043,"Maintenance Workers, Machinery",64.70350176336274,60020,60850.0,2340.0,3.845521774856204
25,41-2022,Parts Salespersons,63.975707540898455,270070,38630.0,24560.0,63.57753041677453
26,19-4031,Chemical Technicians,63.95783939854891,57540,60390.0,2800.0,4.6365292266931615
27,47-2073,Operating Engineers and Other Construction Equipment Operators,63.71167543482339,478090,59850.0,3340.0,5.58061821219716
28,31-9093,Medical Equipment Preparers,63.552583925820294,77420,47700.0,15490.0,32.473794549266245
29,33-3012,Correctional Officers and Jailers,63.52209673596316,380500,58940.0,4250.0,7.2107227689175435
30,47-2221,Structural Iron and Steel Workers,62.817227044038205,68380,62780.0,410.0,0.6530742274609749
31,15-1232,Computer User Support Specialists,62.44154457366101,717190,61860.0,1330.0,2.1500161655350793
32,47-2021,Brickmasons and Blockmasons,62.268997798786884,52550,62120.0,1070.0,1.7224726336123632
33,47-2121,Glaziers,62.10376613302615,58480,57080.0,6110.0,10.70427470217239
34,47-2181,Roofers,61.80942913306,135490,55440.0,7750.0,13.979076479076479
35,47-4051,Highway Maintenance Workers,60.94856509629428,154960,50260.0,12930.0,25.72622363708715
36,35-1012,First-Line Supervisors of Food Preparation and Serving Workers,60.903713986896925,1223240,44080.0,19110.0,43.3529945553539
37,29-2081,"Opticians, Dispensing",60.22537603053103,73530,47260.0,15930.0,33.70715192551841
38,13-1121,"Meeting, Convention, and Event Planners",59.90526609410796,142860,61160.0,2030.0,3.3191628515369525
39,33-1091,First-Line Supervisors of Security Workers,59.82860546151261,81480,55940.0,7250.0,12.960314622810154
40,51-9012,"Separating, Filtering, Clarifying, Precipitating, and Still Machine Setters, Operators, and Tenders",59.80606595656444,60100,51610.0,11580.0,22.43751211005619
41,31-9097,Phlebotomists,59.59307405040717,143540,45230.0,17960.0,39.70815830201194
42,31-9092,Medical Assistants,58.86517669260433,817870,45690.0,17500.0,38.30159772379076
43,31-9091,Dental Assistants,58.80873232949313,387790,48070.0,15120.0,31.454129394632826
44,43-5111,"Weighers, Measurers, Checkers, and Samplers, Recordkeeping",58.76280824096971,53300,46380.0,16810.0,36.24407072013799
45,51-7011,Cabinetmakers and Bench Carpenters,57.84403289000588,77170,46680.0,16510.0,35.36846615252785
46,51-9061,"Inspectors, Testers, Sorters, Samplers, and Weighers",57.8357182292742,597370,48570.0,14620.0,30.100885320156475
47,37-2021,Pest Control Workers,57.78525381495001,102620,45250.0,17940.0,39.646408839779006
48,37-1011,First-Line Supervisors of Housekeeping and Janitorial Workers,57.65446245159176,178760,49100.0,14090.0,28.69653767820774
49,51-4021,"Extruding and Drawing Machine Setters, Operators, and Tenders, Metal and Plastic",57.45514414460817,60840,47720.0,15470.0,32.41827326068734
50,51-4033,"Grinding, Lapping, Polishing, and Buffing Machine Tool Setters, Operators, and Tenders, Metal and Plastic",57.390076173923596,67000,46550.0,16640.0,35.74650912996778
51,49-9098,"Helpers--Installation, Maintenance, and Repair Workers",57.17278021668935,95580,39630.0,23560.0,59.449911683068386
52,49-2011,"Computer, Automated Teller, and Office Machine Repairers",57.00356206915613,65600,47810.0,15380.0,32.1690023007739
53,17-3031,Surveying and Mapping Technicians,56.871653348608085,58010,54240.0,8950.0,16.500737463126843
54,47-2061,Construction Laborers,56.26332945679133,1096780,47120.0,16070.0,34.1044142614601
55,27-2022,Coaches and Scouts,55.956795927413104,248950,47320.0,15870.0,33.53761622992392
56,19-4021,Biological Technicians,55.724677430926164,69620,57510.0,5680.0,9.876543209876543
57,51-9041,"Extruding, Forming, Pressing, and Compacting Machine Setters, Operators, and Tenders",55.53182751683886,58770,45760.0,17430.0,38.09003496503497
58,31-9096,Veterinary Assistants and Laboratory Animal Caretakers,55.477048524847795,126580,38150.0,25040.0,65.63564875491481
59,51-9023,"Mixing and Blending Machine Setters, Operators, and Tenders",55.378936176816886,94920,48990.0,14200.0,28.985507246376812
60,37-3013,Tree Trimmers and Pruners,55.08335482085841,55160,50960.0,12230.0,23.999215070643643
61,43-5011,Cargo and Freight Agents,54.500056415447304,97670,52260.0,10930.0,20.91465748182166
62,45-2092,"Farmworkers and Laborers, Crop, Nursery, and Greenhouse",54.35282398704581,265500,35660.0,27530.0,77.20134604598991
63,47-2051,Cement Masons and Concrete Finishers,54.12172157009076,206170,57020.0,6170.0,10.820764643984567
64,51-9124,"Coating, Painting, and Spraying Machine Setters, Operators, and Tenders",53.8879768225746,158740,48250.0,14940.0,30.963730569948186
65,21-1094,Community Health Workers,53.86682182514841,61660,51850.0,11340.0,21.870781099324976
66,43-5031,Public Safety Telecommunicators,53.601571552185966,102500,53040.0,10150.0,19.136500754147814
67,53-6031,Automotive and Watercraft Service Attendants,53.025603865280566,102010,35670.0,27520.0,77.15166806840482
68,53-3053,Shuttle Drivers and Chauffeurs,53.01684805009571,248530,37290.0,25900.0,69.4556181281845
69,51-9111,Packaging and Filling Machine Operators and Tenders,52.75961950903232,379060,43220.0,19970.0,46.205460434983806
70,41-9022,Real Estate Sales Agents,52.711346771007264,193370,52830.0,10360.0,19.610070035964416
71,29-2057,Ophthalmic Medical Technicians,52.352127496862224,71010,45570.0,17620.0,38.665788896203644
72,29-2052,Pharmacy Technicians,52.32492097953434,471680,45750.0,17440.0,38.12021857923497
73,51-9196,"Paper Goods Machine Setters, Operators, and Tenders",52.173459116229594,96130,50270.0,12920.0,25.701213447384127
74,39-9032,Recreation Workers,52.13326044610416,331490,36560.0,26630.0,72.83916849015317
75,39-1022,First-Line Supervisors of Personal Service Workers,52.05007043888619,114110,48590.0,14600.0,30.047334842560197
76,11-9031,"Education and Childcare Administrators, Preschool and Daycare",52.00172160472676,73660,59300.0,3890.0,6.559865092748735
77,39-5012,"Hairdressers, Hairstylists, and Cosmetologists",51.95408070718417,305710,35790.0,27400.0,76.55769768091646
78,41-1011,First-Line Supervisors of Retail Sales Workers,51.79259556320994,1121800,48520.0,14670.0,30.234954657873043
79,51-3021,Butchers and Meat Cutters,51.726628764034864,136430,40140.0,23050.0,57.42401594419532
80,53-7051,Industrial Truck and Tractor Operators,51.72357865062567,774420,46420.0,16770.0,36.12666953899181
81,33-9032,Security Guards,51.305028749055296,1283470,38020.0,25170.0,66.20199894792215
82,53-3032,Heavy and Tractor-Trailer Truck Drivers,51.07940942163018,2062040,58640.0,4550.0,7.759208731241474
83,47-2081,Drywall and Ceiling Tile Installers,50.78602211362113,83080,58930.0,4260.0,7.228915662650603
84,51-4072,"Molding, Coremaking, and Casting Machine Setters, Operators, and Tenders, Metal and Plastic",50.56928270826522,150470,44350.0,18840.0,42.48027057497182
85,51-2041,Structural Metal Fabricators and Fitters,50.55456508812624,52360,51330.0,11860.0,23.105396454315215
86,43-5071,"Shipping, Receiving, and Inventory Clerks",50.52586554615601,816870,45260.0,17930.0,39.6155545735749
87,47-2141,"Painters, Construction and Maintenance",50.441074941493426,225190,49400.0,13790.0,27.91497975708502
88,49-3093,Tire Repairers and Changers,49.47830760315281,108410,37710.0,25480.0,67.56828427472819
89,53-3033,Light Truck Drivers,49.28006367444478,983300,44860.0,18330.0,40.86045474810522
90,27-1024,Graphic Designers,48.75202896514455,197830,62960.0,230.0,0.3653113087674714
91,27-1026,Merchandise Displayers and Window Trimmers,48.74243577798983,165220,39390.0,23800.0,60.42142675806042
92,51-3022,"Meat, Poultry, and Fish Cutters and Trimmers",47.60592253285504,145700,38300.0,24890.0,64.9869451697128
93,35-2012,"Cooks, Institution and Cafeteria",47.58873768210774,441050,37450.0,25740.0,68.73164218958611
94,39-9041,Residential Advisors,47.327735975710716,84760,42240.0,20950.0,49.597537878787875
95,33-9092,"Lifeguards, Ski Patrol, and Other Recreational Protective Service Workers",46.69494767592639,157550,33580.0,29610.0,88.17748659916617
96,25-2012,"Kindergarten Teachers, Except Special Education",46.48201766232604,108870,62680.0,510.0,0.8136566687938737
97,43-5061,"Production, Planning, and Expediting Clerks",46.38795733806399,390160,59650.0,3540.0,5.934618608549874
98,35-3011,Bartenders,46.37786608673413,756390,34340.0,28850.0,84.01281304601048
99,51-3092,Food Batchmakers,46.13232132858369,174520,42290.0,20900.0,49.42066682430835
100,31-1131,Nursing Assistants,46.072038153281284,1448910,42260.0,20930.0,49.52673923331756
101,43-3071,Tellers,45.992893074128546,329480,43030.0,20160.0,46.85103416221241
102,53-3051,"Bus Drivers, School",45.82764764095315,402930,47920.0,15270.0,31.86560934891486
103,29-2053,Psychiatric Technicians,45.644086540579586,156960,45130.0,18060.0,40.01772656769333
104,43-5051,Postal Service Clerks,45.13974978773816,73720,62130.0,1060.0,1.7061001126669886
105,39-9031,Exercise Trainers and Group Fitness Instructors,45.044311213870394,322930,47160.0,16030.0,33.99067005937235
106,41-2021,Counter and Rental Clerks,44.98574060100654,400810,41300.0,21890.0,53.002421307506054
107,43-4151,Order Clerks,44.722688817737975,75200,46170.0,17020.0,36.86376434914447
108,39-5094,Skincare Specialists,44.63216925763235,72890,45330.0,17860.0,39.39995587910876
109,51-4031,"Cutting, Punching, and Press Machine Setters, Operators, and Tenders, Metal and Plastic",44.250550549844824,171200,46330.0,16860.0,36.391107273904595
110,51-7042,"Woodworking Machine Setters, Operators, and Tenders, Except Sawing",44.01485440599273,61420,43380.0,19810.0,45.66620562471185
111,43-4181,Reservation and Transportation Ticket Agents and Travel Clerks,43.987441014523775,118710,44390.0,18800.0,42.35188105429151
112,43-4071,File Clerks,43.95046949435658,73440,43600.0,19590.0,44.93119266055046
113,53-7062,"Laborers and Freight, Stock, and Material Movers, Hand",43.8755342491806,2950280,40240.0,22950.0,57.03280318091451
114,21-1093,Social and Human Service Assistants,43.53187983330663,437860,45930.0,17260.0,37.57892445025038
115,21-1021,"Child, Family, and School Social Workers",43.51611227096001,392550,59550.0,3640.0,6.112510495382032
116,43-4081,"Hotel, Motel, and Resort Desk Clerks",43.3124123938975,261420,35070.0,28120.0,80.18249215854006
117,39-9011,Childcare Workers,43.0698573491529,518910,34980.0,28210.0,80.64608347627215
118,39-2021,Animal Caretakers,42.41765608453467,266910,35360.0,27830.0,78.70475113122171
119,43-5032,"Dispatchers, Except Police, Fire, and Ambulance",42.09779265080326,202810,50340.0,12850.0,25.526420341676598
120,53-7065,Stockers and Order Fillers,42.01129439057784,2833810,37330.0,25860.0,69.2740423252076
121,41-9011,Demonstrators and Product Promoters,41.93125926775668,64520,39320.0,23870.0,60.707019328585965
122,25-2011,"Preschool Teachers, Except Special Education",41.20297705236673,478780,38140.0,25050.0,65.6790770844258
123,41-2031,Retail Salespersons,40.92497602299575,3897860,35410.0,27780.0,78.45241457215477
124,53-3031,Driver/Sales Workers,40.848268315150214,409180,38770.0,24420.0,62.98684549909724
125,25-3021,Self-Enrichment Teachers,40.82971455025568,332110,46800.0,16390.0,35.02136752136752
126,51-3011,Bakers,40.66380589201659,236200,37160.0,26030.0,70.04843918191604
127,21-1023,Mental Health and Substance Abuse Social Workers,40.600296009632274,132810,60280.0,2910.0,4.827471798274718
128,43-9021,Data Entry Keyers,40.50505619111864,127080,41340.0,21850.0,52.85437832607644
129,21-2011,Clergy,40.48856143279818,57200,60810.0,2380.0,3.9138299621772736
130,25-9044,"Teaching Assistants, Postsecondary",40.355830492214906,164090,42910.0,20280.0,47.26171055697972
131,51-9198,Helpers--Production Workers,40.13169032040407,165700,39070.0,24120.0,61.73534681341182
132,43-4051,Customer Service Representatives,40.05601044918804,2595750,44770.0,18420.0,41.14362296180478
133,27-3091,Interpreters and Translators,40.04889117343162,52060,60170.0,3020.0,5.0191125145421305
134,21-1015,Rehabilitation Counselors,39.81114814946511,94740,46850.0,16340.0,34.87726787620064
135,43-4121,"Library Assistants, Clerical",39.725070252214564,85520,36910.0,26280.0,71.20021674342996
136,13-2081,"Tax Examiners and Collectors, and Revenue Agents",39.46078758356389,56610,62370.0,820.0,1.3147346480679813
137,53-3052,"Bus Drivers, Transit and Intercity",39.43348455686072,159240,59050.0,4140.0,7.0110076206604575
138,25-4031,Library Technicians,39.36192641880005,68690,44580.0,18610.0,41.74517720951099
139,43-4111,"Interviewers, Except Eligibility and Loan",39.08545884074422,148060,45920.0,17270.0,37.608885017421606
140,51-4121,"Welders, Cutters, Solderers, and Brazers",38.40314461657579,416210,53750.0,9440.0,17.56279069767442
141,37-2011,"Janitors and Cleaners, Except Maids and Housekeeping Cleaners",38.11435001588117,2209760,36840.0,26350.0,71.52551574375678
142,43-4131,Loan Interviewers and Clerks,38.10442988387661,164790,50020.0,13170.0,26.329468212714914
143,31-9011,Massage Therapists,37.17172733301598,98790,58450.0,4740.0,8.109495295124038
144,43-4161,"Human Resources Assistants, Except Payroll and Timekeeping",36.4854731060317,90220,50610.0,12580.0,24.856747678324442
145,43-6012,Legal Secretaries and Administrative Assistants,35.82954335110582,156280,55570.0,7620.0,13.712434766960591
146,35-3041,"Food Servers, Nonrestaurant",35.488919378798855,293900,35360.0,27830.0,78.70475113122171
147,43-4031,"Court, Municipal, and License Clerks",35.21959714097639,179750,48700.0,14490.0,29.753593429158112
148,43-9061,"Office Clerks, General",35.213428554494406,2464940,45010.0,18180.0,40.391024216840705
149,13-2082,Tax Preparers,34.657442602921485,76480,54920.0,8270.0,15.058266569555718
150,43-5021,Couriers and Messengers,34.61888486205351,68640,39200.0,23990.0,61.19897959183673
151,41-3021,Insurance Sales Agents,34.45706780635048,479100,62280.0,910.0,1.4611432241490045
152,37-3011,Landscaping and Groundskeeping Workers,34.42375494002321,952640,39150.0,24040.0,61.40485312899106
153,53-7061,Cleaners of Vehicles and Equipment,34.38773727025365,380430,35830.0,27360.0,76.36059168294724
154,51-6011,Laundry and Dry-Cleaning Workers,34.100910302764156,198040,34890.0,28300.0,81.11206649469761
155,43-3061,Procurement Clerks,34.079454748840675,55810,50580.0,12610.0,24.930802688809806
156,43-6013,Medical Secretaries and Administrative Assistants,33.91692123592457,961610,45930.0,17260.0,37.57892445025038
157,43-3031,"Bookkeeping, Accounting, and Auditing Clerks",33.86444232896187,1373680,50670.0,12520.0,24.708900730215117
158,25-3041,Tutors,33.73739203668159,175070,43350.0,19840.0,45.767012687427915
159,43-4171,Receptionists and Information Clerks,33.61550772335077,910180,38010.0,25180.0,66.24572480926072
160,43-4061,"Eligibility Interviewers, Government Programs",33.555555294799156,154800,54210.0,8980.0,16.565209370964766
161,41-3041,Travel Agents,33.29031447666285,55110,50160.0,13030.0,25.976874003189792
162,51-6031,Sewing Machine Operators,33.17761949542128,104880,36670.0,26520.0,72.32069811835288
163,23-2011,Paralegals and Legal Assistants,32.9558891234022,392880,62890.0,300.0,0.47702337414533313
164,43-6014,"Secretaries and Administrative Assistants, Except Legal, Medical, and Executive",32.94756541651249,1706790,47540.0,15650.0,32.919646613378205
165,43-9051,"Mail Clerks and Mail Machine Operators, Except Postal Service",32.94230042354507,55230,39280.0,23910.0,60.87067209775967
166,53-6021,Parking Attendants,32.821737967754636,137880,35150.0,28040.0,79.7724039829303
167,35-3023,Fast Food and Counter Workers,32.75176130137585,3854050,31200.0,31990.0,102.53205128205128
168,43-5053,"Postal Service Mail Sorters, Processors, and Processing Machine Operators",31.643972451688406,105200,58470.0,4720.0,8.072515820078673
169,43-3051,Payroll and Timekeeping Clerks,31.577250405313016,153140,58260.0,4930.0,8.462066598008926
170,39-3091,Amusement and Recreation Attendants,31.429487225280496,397830,32150.0,31040.0,96.54743390357699
171,53-7064,"Packers and Packagers, Hand",30.841262910923106,559820,36280.0,26910.0,74.17309812568908
172,43-3011,Bill and Account Collectors,30.596959230289855,158830,47030.0,16160.0,34.36104614076122
173,25-3031,"Substitute Teachers, Short-Term",30.39984987051241,524770,41670.0,21520.0,51.64386849052076
174,43-9041,Insurance Claims and Policy Processing Clerks,30.272419967178998,214260,49230.0,13960.0,28.35669307332927
175,27-2011,Actors,30.247478022901607,55000,60424.0,2766.0,4.577651264398252
176,35-9031,"Hosts and Hostesses, Restaurant, Lounge, and Coffee Shop",29.87221956568077,432690,31200.0,31990.0,102.53205128205128
177,35-2015,"Cooks, Short Order",29.760656504643666,138650,35880.0,27310.0,76.11482720178373
178,35-2014,"Cooks, Restaurant",29.401820182885007,1409890,37390.0,25800.0,69.00240706071142
179,31-1132,Orderlies,29.378798965294216,52440,38290.0,24900.0,65.03003395142335
180,35-9011,Dining Room and Cafeteria Attendants and Bartender Helpers,29.36541792188724,542750,33980.0,29210.0,85.96233078281342
181,35-3031,Waiters and Waitresses,28.852613623353708,2270910,35230.0,27960.0,79.36417825716718
182,43-3021,Billing and Posting Clerks,28.626322552183225,404060,48500.0,14690.0,30.288659793814432
183,39-3011,Gambling Dealers,28.495230633164613,83910,34320.0,28870.0,84.12004662004662
184,39-3031,"Ushers, Lobby Attendants, and Ticket Takers",26.468750461892654,121770,32910.0,30280.0,92.00850805226375
185,41-2011,Cashiers,26.349669107582287,3089410,32880.0,30310.0,92.18369829683698
186,35-2011,"Cooks, Fast Food",26.26619172152894,641070,30890.0,32300.0,104.56458400776951
187,43-5052,Postal Service Mail Carriers,24.72666962794492,328820,60550.0,2640.0,4.360033030553262
188,37-2012,Maids and Housekeeping Cleaners,23.204464068291976,860670,35510.0,27680.0,77.94987327513377
189,53-7081,Refuse and Recyclable Material Collectors,23.13167906539284,147240,49690.0,13500.0,27.168444355001007
190,35-2021,Food Preparation Workers,21.639847526919286,893600,35320.0,27870.0,78.90713476783692
191,51-3023,Slaughterers and Meat Packers,21.506045087416826,69950,40130.0,23060.0,57.463244455519565
192,33-9091,Crossing Guards and Flaggers,20.910597143947683,94360,38100.0,25090.0,65.85301837270342
193,39-5092,Manicurists and Pedicurists,19.082918576045728,152770,35760.0,27430.0,76.70581655480984
194,41-9041,Telemarketers,17.711765230455267,58430,35450.0,27740.0,78.25105782792666
195,35-9021,Dishwashers,16.097257965768897,477450,34810.0,28380.0,81.52829646653261
