soc,readiness,distance,title,employment,wage,wage_gain,wage_gain_pct
11-1011,48.14643494387938,1.345671604420611,Chief Executives,204350,213990.0,-150800.0,-70.4705827375111
11-1021,50.82223952297932,1.2762307812645488,General and Operations Managers,3503020,105770.0,-42580.0,-40.257161766096246
11-2011,43.92555904871818,1.455209161418949,Advertising and Promotions Managers,21470,133660.0,-70470.0,-52.7233278467754
11-2021,42.44814154822494,1.49355018534153,Marketing Managers,395240,166790.0,-103600.0,-62.1140356136459
11-2022,39.57433776820552,1.5681293611274827,Sales Managers,637080,148270.0,-85080.0,-57.381803466648684
11-2033,37.75788889450935,1.6152687172656621,Fundraising Managers,38810,125470.0,-62280.0,-49.6373635131904
11-3012,56.55234239705654,1.1275267004610536,Administrative Services Managers,263960,114130.0,-50940.0,-44.633312888811005
11-3013,69.17924984855415,0.7998410188548336,Facilities Managers,156180,106660.0,-43470.0,-40.755672229514346
11-3021,56.2641119742594,1.1350066778756918,Computer and Information Systems Managers,670570,175140.0,-111950.0,-63.92029233755852
11-3031,39.47878655132543,1.5706090471275524,Financial Managers,841710,166570.0,-103380.0,-62.06399711832863
11-3051,70.58823618959764,0.7632758779989125,Industrial Production Managers,246250,126060.0,-62870.0,-49.873076312866885
11-3061,45.17474264485569,1.4227911224237333,Purchasing Managers,84320,148080.0,-84890.0,-57.327120475418695
11-3071,52.360476127352754,1.2363114176268621,"Transportation, Storage, and Distribution Managers",221180,107230.0,-44040.0,-41.0705959153222
11-3111,31.86098837580178,1.768301427235163,Compensation and Benefits Managers,22940,149230.0,-86040.0,-57.65596729880051
11-3121,40.09667547268426,1.5545739765348408,Human Resources Managers,220660,149280.0,-86090.0,-57.67015005359057
11-3131,43.331049726715506,1.4706374991295095,Training and Development Managers,48050,133000.0,-69810.0,-52.48872180451128
11-9013,74.96972271872468,0.6495702533033597,"Farmers, Ranchers, and Other Agricultural Managers",6500,89900.0,-26710.0,-29.710789766407117
11-9021,69.73805805640546,0.7853391743469619,Construction Managers,380360,114990.0,-51800.0,-45.04739542568919
11-9031,52.00172160472676,1.2456215928005996,"Education and Childcare Administrators, Preschool and Daycare",73660,59300.0,3890.0,6.559865092748735
11-9032,48.63770409779582,1.3329224916096092,"Education Administrators, Kindergarten through Secondary",328330,105870.0,-42680.0,-40.31359214130538
11-9033,39.3020838568946,1.5751947260112094,"Education Administrators, Postsecondary",180470,104590.0,-41400.0,-39.583134142843484
11-9041,65.34275340037381,0.899403398513577,Architectural and Engineering Managers,220260,171270.0,-108080.0,-63.10503882758218
11-9051,57.805718491043436,1.0949998603583073,Food Service Managers,238430,69390.0,-6200.0,-8.93500504395446
11-9071,52.66704088165889,1.2283556389964159,Gambling Managers,5030,93220.0,-30030.0,-32.214117142244156
11-9072,54.5711644668204,1.178941003048314,"Entertainment and Recreation Managers, Except Gambling",37980,79520.0,-16330.0,-20.535714285714285
11-9081,57.0295455731418,1.1151426191948521,Lodging Managers,42620,69250.0,-6060.0,-8.750902527075812
11-9111,47.74649365770015,1.356050632972734,Medical and Health Services Managers,597080,123860.0,-60670.0,-48.982722428548364
11-9121,53.62610543572857,1.2034665896934202,Natural Sciences Managers,108690,167220.0,-104030.0,-62.21145795957421
11-9131,50.74989347039217,1.2781082612131902,Postmasters and Mail Superintendents,13810,96660.0,-33470.0,-34.62652596730809
11-9141,45.13306099833502,1.4238728186983804,"Property, Real Estate, and Community Association Managers",311180,69990.0,-6800.0,-9.71567366766681
11-9151,48.06426103280915,1.3478041308656434,Social and Community Service Managers,209330,80390.0,-17200.0,-21.395695982087325
11-9161,56.713813695803,1.1233362973245122,Emergency Management Directors,13500,93330.0,-30140.0,-32.294010500375016
11-9171,54.75485245367001,1.174174046182201,Funeral Home Managers,13910,78790.0,-15600.0,-19.79946693742861
11-9179,56.06402714149659,1.1401991555314281,"Personal Service Managers, All Other",10450,69770.0,-6580.0,-9.430987530457216
11-9199,56.80793153039032,1.1208938095739278,"Managers, All Other",622190,141900.0,-78710.0,-55.468639887244535
13-1011,31.660459228964033,1.7735054354545825,"Agents and Business Managers of Artists, Performers, and Athletes",12620,82890.0,-19700.0,-23.766437447219207
13-1031,43.97475401486033,1.4539324841269197,"Claims Adjusters, Examiners, and Investigators",324230,78000.0,-14810.0,-18.987179487179485
13-1032,50.39620611743471,1.2872869363380817,"Insurance Appraisers, Auto Damage",11560,78240.0,-15050.0,-19.235685071574643
13-1041,52.87081944111025,1.2230673040333975,Compliance Officers,417070,80730.0,-17540.0,-21.726743465873902
13-1051,42.65247815531068,1.4882473682719353,Cost Estimators,224220,78740.0,-15550.0,-19.748539497078994
13-1071,34.26792578853769,1.7058380782555733,Human Resources Specialists,912430,75940.0,-12750.0,-16.78957071372136
13-1074,38.42277088915704,1.5980141115404898,Farm Labor Contractors,310,58460.0,4730.0,8.091002394799863
13-1075,36.257406696484814,1.6542083019332723,Labor Relations Specialists,64810,95420.0,-32230.0,-33.77698595682247
13-1081,50.4675842128236,1.2854345762151373,Logisticians,251040,82320.0,-19130.0,-23.238581146744412
13-1111,43.2567265257685,1.4725662888078237,Management Analysts,898280,101860.0,-38670.0,-37.9638719811506
13-1121,59.90526609410796,1.0405137013349985,"Meeting, Convention, and Event Planners",142860,61160.0,2030.0,3.3191628515369525
13-1131,39.68471193742469,1.565264999049022,Fundraisers,111040,72550.0,-9360.0,-12.90144727773949
13-1141,38.55371263825188,1.5946159923677892,"Compensation, Benefits, and Job Analysis Specialists",112380,78210.0,-15020.0,-19.204705280654647
13-1151,43.94908250046874,1.4545986953685546,Training and Development Specialists,458300,69280.0,-6090.0,-8.790415704387991
13-1161,40.66127089387662,1.5399219458506983,Market Research Analysts and Marketing Specialists,899580,78760.0,-15570.0,-19.768918232605383
13-1199,51.03580011804133,1.270688588971944,"Business Operations Specialists, All Other",1087090,83050.0,-19860.0,-23.913305237808547
13-2011,39.93401436886438,1.5587952567557326,Accountants and Auditors,1449500,83680.0,-20490.0,-24.486137667304014
13-2031,36.61998520985209,1.644798888920236,Budget Analysts,47160,91640.0,-28450.0,-31.045395024006982
13-2041,34.94847547889518,1.6881768741952516,Credit Analysts,64390,83510.0,-20320.0,-24.332415279607233
13-2052,34.070692664449886,1.7109565501340038,Personal Financial Advisors,266800,105070.0,-41880.0,-39.85914152469782
13-2053,35.5294325662431,1.6731002356847675,Insurance Underwriters,105420,81370.0,-18180.0,-22.34238662897874
13-2061,39.07897223787792,1.5809847805619834,Financial Examiners,67830,94160.0,-30970.0,-32.89082412914188
13-2071,30.49251759143077,1.8038151334579506,Credit Counselors,27770,52230.0,10960.0,20.984108749760672
13-2072,33.38029179688253,1.7288734058438713,Loan Officers,274330,76690.0,-13500.0,-17.603338114486895
13-2081,39.46078758356389,1.5710761451910966,"Tax Examiners and Collectors, and Revenue Agents",56610,62370.0,820.0,1.3147346480679813
13-2082,34.657442602921485,1.6957295791390063,Tax Preparers,76480,54920.0,8270.0,15.058266569555718
13-2099,42.40729934127435,1.4946100970003677,"Financial Specialists, All Other",132130,81100.0,-17910.0,-22.083847102342787
15-1211,58.29661389304515,1.0822604469255108,Computer Systems Analysts,519530,105850.0,-42660.0,-40.30231459612659
15-1212,54.289166227109234,1.186259246707457,Information Security Analysts,190650,129180.0,-65990.0,-51.08375909583527
15-1221,54.53637179685342,1.1798439208701814,Computer and Information Research Scientists,37200,140300.0,-77110.0,-54.9607982893799
15-1231,63.54484532817495,0.9460615952546902,Computer Network Support Specialists,146190,76220.0,-13030.0,-17.095250590396223
15-1232,62.44154457366101,0.9746937730977834,Computer User Support Specialists,717190,61860.0,1330.0,2.1500161655350793
15-1241,70.46478232602823,0.7664796762041387,Computer Network Architects,179740,134050.0,-70860.0,-52.86087280865349
15-1242,49.55882109796007,1.3090182337224494,Database Administrators,69990,104620.0,-41430.0,-39.60045880328809
15-1243,45.26253546800048,1.4205127774526596,Database Architects,67140,139500.0,-76310.0,-54.702508960573475
15-1244,68.23099359523188,0.8244495778310392,Network and Computer Systems Administrators,314340,99130.0,-35940.0,-36.25542217290427
15-1251,45.98621795662814,1.4017322177262703,Computer Programmers,92230,100390.0,-37200.0,-37.055483613905764
15-1252,43.47937780204809,1.4667881807866456,Software Developers,1687890,135980.0,-72790.0,-53.52993087218709
15-1253,50.63137798454351,1.2811839016984305,Software Quality Assurance Analysts and Testers,186740,104300.0,-41110.0,-39.41514860977948
15-1254,49.71107257532024,1.3050670976801555,Web Developers,70190,92650.0,-29460.0,-31.797085806799785
15-1255,46.651084603011384,1.3844780103097507,Web and Digital Interface Designers,113330,104000.0,-40810.0,-39.24038461538461
15-1299,53.91616218719244,1.1959392165283738,"Computer Occupations, All Other",435370,116580.0,-53390.0,-45.7968776805627
15-2011,38.653721111493425,1.592020634411264,Actuaries,26670,130000.0,-66810.0,-51.39230769230769
15-2021,35.46874848996529,1.674675071247166,Mathematicians,2030,126710.0,-63520.0,-50.13021860942309
15-2031,41.06374371263978,1.529477220532882,Operations Research Analysts,108510,88940.0,-25750.0,-28.952102541038904
15-2041,39.19655962075063,1.577933225630347,Statisticians,29030,105650.0,-42460.0,-40.18930430667298
15-2051,38.734526645935766,1.5899236192289634,Data Scientists,262440,120230.0,-57040.0,-47.442402062713136
15-2099,44.45803789480426,1.4413906002003098,"Mathematical Science Occupations, All Other",3720,81490.0,-18300.0,-22.456743158669774
17-1011,58.42149520971673,1.0790196043414813,"Architects, Except Landscape and Naval",106770,99280.0,-36090.0,-36.351732473811445
17-1012,55.5667888422508,1.1531031759049795,Landscape Architects,19600,79870.0,-16680.0,-20.883936396644547
17-1021,54.70378603341188,1.1754992902923487,Cartographers and Photogrammetrists,14260,81390.0,-18200.0,-22.36146946799361
17-1022,71.4655657477689,0.7405079646862561,Surveyors,50830,75440.0,-12250.0,-16.238069989395544
17-2011,54.682022952884935,1.1760640722790476,Aerospace Engineers,67710,134960.0,-71770.0,-53.178719620628335
17-2021,66.77520991494403,0.8622291742507274,Agricultural Engineers,1480,98590.0,-35400.0,-35.906278527234
17-2031,69.70838200230835,0.7861093089227912,Bioengineers and Biomedical Engineers,23480,109370.0,-46180.0,-42.22364450946329
17-2041,59.172650092645476,1.0595260980534353,Chemical Engineers,21070,125040.0,-61850.0,-49.46417146513116
17-2051,54.716615882312134,1.1751663379999577,Civil Engineers,367840,100840.0,-37650.0,-37.33637445458152
17-2061,61.13973467087662,1.0084775374085795,Computer Hardware Engineers,76660,161740.0,-98550.0,-60.93112402621491
17-2071,64.0663978460181,0.9325265873393036,Electrical Engineers,198750,120630.0,-57440.0,-47.6166791013844
17-2072,69.06192815436442,0.8028856787983257,"Electronics Engineers, Except Computer",96900,130220.0,-67030.0,-51.474427891260945
17-2081,53.46020803839833,1.207771856199069,Environmental Engineers,38340,107110.0,-43920.0,-41.00457473625245
17-2111,59.20029514554452,1.0588086707627815,"Health and Safety Engineers, Except Mining Safety Engineers and Inspectors",21450,115160.0,-51970.0,-45.12851684612713
17-2112,64.68480926309618,0.9164779572612979,Industrial Engineers,365740,102440.0,-39250.0,-38.315111284654435
17-2121,77.2502559479812,0.5903872674039957,Marine Engineers and Naval Architects,8250,112230.0,-49040.0,-43.695981466631025
17-2131,64.00100553120292,0.9342236081921399,Materials Engineers,22770,112860.0,-49670.0,-44.01027822080454
17-2141,67.33315436366321,0.8477497454848768,Mechanical Engineers,296810,104110.0,-40920.0,-39.304581692440685
17-2151,56.86428188785791,1.1194314399979683,"Mining and Geological Engineers, Including Mining Safety Engineers",6080,106220.0,-43030.0,-40.51026172095651
17-2161,58.73286805223816,1.0709390491835993,Nuclear Engineers,15280,133970.0,-70780.0,-52.83272374412182
17-2171,52.80433715402213,1.2247926111715777,Petroleum Engineers,18060,144910.0,-81720.0,-56.393623628459046
17-2199,68.93473962068522,0.8061863968491437,"Engineers, All Other",154070,122930.0,-59740.0,-48.59676238509721
17-3011,53.85595574204619,1.197501656903471,Architectural and Civil Drafters,103700,66150.0,-2960.0,-4.474678760393046
17-3012,50.9911252583223,1.2718479632616442,Electrical and Electronics Drafters,17920,76870.0,-13680.0,-17.79627943280864
17-3013,52.69341975724877,1.2276710707550724,Mechanical Drafters,39960,71550.0,-8360.0,-11.684136967155835
17-3021,71.3621866062459,0.7431907961383719,Aerospace Engineering and Operations Technologists and Technicians,11280,82890.0,-19700.0,-23.766437447219207
17-3022,53.15121446162722,1.2157906661258158,Civil Engineering Technologists and Technicians,68520,64950.0,-1760.0,-2.70977675134719
17-3023,75.17183043843798,0.6443252789383758,Electrical and Electronic Engineering Technologists and Technicians,95130,78190.0,-15000.0,-19.184038879652128
17-3024,79.34877735269598,0.5359277396446757,Electro-Mechanical and Mechatronics Technologists and Technicians,15520,73900.0,-10710.0,-14.492557510148849
17-3025,68.26395072876556,0.8235942947138347,Environmental Engineering Technologists and Technicians,12190,59920.0,3270.0,5.457276368491322
17-3026,69.70230980401146,0.7862668908521281,Industrial Engineering Technologists and Technicians,75570,66120.0,-2930.0,-4.431336963097399
17-3027,76.9244522835133,0.5988423223151894,Mechanical Engineering Technologists and Technicians,36190,74510.0,-11320.0,-15.192591598443162
17-3029,78.11176964371388,0.5680297975576661,"Engineering Technologists and Technicians, Except Drafters, All Other",59930,78350.0,-15160.0,-19.349074664964903
17-3031,56.871653348608085,1.1192401404141525,Surveying and Mapping Technicians,58010,54240.0,8950.0,16.500737463126843
19-1011,57.65676125808885,1.0988655062101038,Animal Scientists,3100,68940.0,-5750.0,-8.340586016826226
19-1012,64.07260142363857,0.932365595935132,Food Scientists and Technologists,13060,88720.0,-25530.0,-28.775924256086565
19-1013,63.66785673862765,0.9428692793187124,Soil and Plant Scientists,15730,78850.0,-15660.0,-19.860494610019025
19-1021,64.36691490013203,0.9247277548785545,Biochemists and Biophysicists,33830,127410.0,-64220.0,-50.40420689113884
19-1022,63.40504776300082,0.9496895350813613,Microbiologists,18940,87990.0,-24800.0,-28.18502102511649
19-1023,61.23233543466626,1.0060744197397267,Zoologists and Wildlife Biologists,18120,76780.0,-13590.0,-17.69992185464965
19-1029,58.66012660503523,1.0728267901684188,"Biological Scientists, All Other",55850,98920.0,-35730.0,-36.120097048119696
19-1031,63.75288566464143,0.9406626612941406,Conservation Scientists,25950,73010.0,-9820.0,-13.450212299684974
19-1032,68.6348481557395,0.8139689944072631,Foresters,10430,76400.0,-13210.0,-17.290575916230367
19-1041,41.751643095707536,1.5116252817994338,Epidemiologists,12090,87220.0,-24030.0,-27.551020408163264
19-1042,52.9320743537675,1.2214776544788315,"Medical Scientists, Except Epidemiologists",172340,103410.0,-40220.0,-38.893724011217486
19-2011,50.12301768815941,1.2943765532532188,Astronomers,2120,128820.0,-65630.0,-50.94705791026238
19-2012,54.235465076941615,1.187652865696375,Physicists,20430,172250.0,-109060.0,-63.314949201741655
19-2021,44.758918524736835,1.4335823324450987,Atmospheric and Space Scientists,10000,99070.0,-35880.0,-36.216816392449786
19-2031,67.28753882283488,0.8489335317481078,Chemists,82770,91240.0,-28050.0,-30.743095133713283
19-2032,57.23867348719631,1.109715461094338,Materials Scientists,8470,117790.0,-54600.0,-46.35368027846167
19-2041,51.46735342416999,1.2594891848572478,"Environmental Scientists and Specialists, Including Health",89250,82220.0,-19030.0,-23.145220141084895
19-2042,59.646476138114664,1.0472296579893294,"Geoscientists, Except Hydrologists and Geographers",23470,101920.0,-38730.0,-38.00039246467818
19-2043,71.10337007571015,0.7499074424387693,Hydrologists,5850,96600.0,-33410.0,-34.58592132505176
19-2099,54.97131074479897,1.1685566546759776,"Physical Scientists, All Other",22300,122570.0,-59380.0,-48.44578608142286
19-3011,35.249028652702016,1.6803771043786029,Economists,17790,124720.0,-61530.0,-49.334509300833865
19-3022,39.75214734003774,1.5635149572470581,Survey Researchers,8290,69460.0,-6270.0,-9.026778001727614
19-3032,38.44725399593493,1.5973787411171962,Industrial-Organizational Psychologists,790,193950.0,-130760.0,-67.4194379994844
19-3033,35.52776340003402,1.6731435528524143,Clinical and Counseling Psychologists,75990,100580.0,-37390.0,-37.1743885464307
19-3034,34.94002262415704,1.6883962374460733,School Psychologists,63940,95990.0,-32800.0,-34.170226065215125
19-3039,46.51659358260586,1.3879682379732374,"Psychologists, All Other",18820,110840.0,-47650.0,-42.98989534464092
19-3041,35.978830758452816,1.6614377321388674,Sociologists,2260,106030.0,-42840.0,-40.40365934169574
19-3051,45.465516720364576,1.4152451337093515,Urban and Regional Planners,44230,89320.0,-26130.0,-29.25436632333184
19-3091,50.70140231483051,1.2793666736489457,Anthropologists and Archeologists,8990,70770.0,-7580.0,-10.710753143987565
19-3092,45.579957235405956,1.412275244342636,Geographers,1400,102040.0,-38850.0,-38.07330458643669
19-3093,37.71308989299986,1.6164313132062205,Historians,3450,76750.0,-13560.0,-17.667752442996743
19-3094,34.528352161639184,1.699079654317978,Political Scientists,5540,142080.0,-78890.0,-55.525056306306304
19-3099,46.5840015832935,1.3862189072890703,"Social Scientists and Related Workers, All Other",37100,101110.0,-37920.0,-37.503708831965184
19-4012,70.35121197406042,0.7694269836377111,Agricultural Technicians,15130,49630.0,13560.0,27.322184162804756
19-4013,55.14584979875039,1.1640271252499745,Food Science Technicians,14600,52130.0,11060.0,21.216190293497025
19-4021,55.724677430926164,1.1490057490412233,Biological Technicians,69620,57510.0,5680.0,9.876543209876543
19-4031,63.95783939854891,0.9353438289314907,Chemical Technicians,57540,60390.0,2800.0,4.6365292266931615
19-4042,68.07379570322205,0.8285290801627204,"Environmental Science and Protection Technicians, Including Health",34670,55090.0,8100.0,14.703212924305681
19-4043,61.286478835609046,1.0046693237326032,"Geological Technicians, Except Hydrologic Technicians",6980,53350.0,9840.0,18.444236176194938
19-4051,69.05132115472419,0.80316094508346,Nuclear Technicians,6470,110240.0,-47050.0,-42.67960812772134
19-4061,41.116551248170715,1.528106792077548,Social Science Research Assistants,30640,61990.0,1200.0,1.9357960961445395
19-4071,74.41373172798606,0.6639989871375889,Forest and Conservation Technicians,30410,54560.0,8630.0,15.817448680351907
19-4092,62.5400420363181,0.9721376279520896,Forensic Science Technicians,19120,72060.0,-8870.0,-12.309186788787121
19-4099,61.37056917803271,1.0024870632480434,"Life, Physical, and Social Science Technicians, All Other",73910,62280.0,910.0,1.4611432241490045
19-5011,66.72045835628195,0.8636500527903149,Occupational Health and Safety Specialists,140610,90150.0,-26960.0,-29.905712701053798
19-5012,64.01637084566592,0.9338248570678254,Occupational Health and Safety Technicians,30590,61560.0,1630.0,2.6478232618583495
21-1012,35.81117876553564,1.6657885328224655,"Educational, Guidance, and Career Counselors and Advisors",353310,64330.0,-1140.0,-1.7721125446914348
21-1013,31.977250554259918,1.7652842631877177,Marriage and Family Therapists,66740,66940.0,-3750.0,-5.602031670152376
21-1015,39.81114814946511,1.5619838047834171,Rehabilitation Counselors,94740,46850.0,16340.0,34.87726787620064
21-1021,43.51611227096001,1.4658348706012276,"Child, Family, and School Social Workers",392550,59550.0,3640.0,6.112510495382032
21-1022,40.767020221207886,1.5371776048044803,Healthcare Social Workers,187630,67880.0,-4690.0,-6.909251620506777
21-1023,40.600296009632274,1.5415043282813308,Mental Health and Substance Abuse Social Workers,132810,60280.0,2910.0,4.827471798274718
21-1091,47.387660857580585,1.3653628395555026,Health Education Specialists,65690,64070.0,-880.0,-1.37349773685032
21-1092,44.71061434216118,1.4348358926737244,Probation Officers and Correctional Treatment Specialists,89390,66270.0,-3080.0,-4.6476535385543984
21-1093,43.53187983330663,1.4654256805889725,Social and Human Service Assistants,437860,45930.0,17260.0,37.57892445025038
21-1094,53.86682182514841,1.197219667044797,Community Health Workers,61660,51850.0,11340.0,21.870781099324976
21-2011,40.48856143279818,1.544403994815635,Clergy,57200,60810.0,2380.0,3.9138299621772736
21-2021,45.40132893513997,1.4169108953562874,"Directors, Religious Activities and Education",22160,52100.0,11090.0,21.28598848368522
23-1011,38.33866650169044,1.6001967365133052,Lawyers,754500,159670.0,-96480.0,-60.424625790693305
23-1012,24.17599095417968,1.9677377205571358,Judicial Law Clerks,13290,64920.0,-1730.0,-2.664818237831177
23-1021,31.05851426350148,1.7891267383788891,"Administrative Law Judges, Adjudicators, and Hearing Officers",16370,117860.0,-54670.0,-46.3855421686747
23-1022,32.33664070498888,1.7559575925871334,"Arbitrators, Mediators, and Conciliators",9210,75530.0,-12340.0,-16.3378789884814
23-1023,33.777134250822726,1.7185747962667295,"Judges, Magistrate Judges, and Magistrates",24030,153990.0,-90800.0,-58.964867848561596
23-2011,32.9558891234022,1.7398872411688788,Paralegals and Legal Assistants,392880,62890.0,300.0,0.47702337414533313
23-2093,34.051131355583955,1.711464193106241,"Title Examiners, Abstractors, and Searchers",48580,58650.0,4540.0,7.7408354646206305
25-1011,37.96582220434136,1.6098725607940427,"Business Teachers, Postsecondary",82150,99080.0,-35890.0,-36.22325393621316
25-1021,47.32666030296505,1.3669458881677088,"Computer Science Teachers, Postsecondary",35480,96980.0,-33790.0,-34.8422355124768
25-1022,34.89238776492725,1.6896324278097778,"Mathematical Science Teachers, Postsecondary",47670,79940.0,-16750.0,-20.953214911183387
25-1031,52.43199523264638,1.234455398102206,"Architecture Teachers, Postsecondary",7700,96870.0,-33680.0,-34.76824610302467
25-1032,50.29860186613986,1.2898199014157201,"Engineering Teachers, Postsecondary",40270,109270.0,-46080.0,-42.17076965315274
25-1041,52.47865682021619,1.2332444654818178,"Agricultural Sciences Teachers, Postsecondary",8920,98700.0,-35510.0,-35.977710233029384
25-1042,48.74348110808619,1.3301774321523818,"Biological Science Teachers, Postsecondary",50190,84620.0,-21430.0,-25.32498227369416
25-1043,49.24358251605172,1.3171991101546248,"Forestry and Conservation Science Teachers, Postsecondary",1520,101420.0,-38230.0,-37.694734766318284
25-1051,45.39489869811322,1.4170777688849876,"Atmospheric, Earth, Marine, and Space Sciences Teachers, Postsecondary",9900,103170.0,-39980.0,-38.75157507027237
25-1052,50.57638177521855,1.282611129260495,"Chemistry Teachers, Postsecondary",19980,93250.0,-30060.0,-32.23592493297587
25-1053,45.97765588333929,1.401954415349275,"Environmental Science Teachers, Postsecondary",6690,94980.0,-31790.0,-33.47020425352706
25-1054,54.31455821789506,1.1856002894893136,"Physics Teachers, Postsecondary",13090,100310.0,-37120.0,-37.00528362077559
25-1061,44.08382108963478,1.451102042953929,"Anthropology and Archeology Teachers, Postsecondary",5240,99650.0,-36460.0,-36.588058203713
25-1062,33.92734559911618,1.7146766043904051,"Area, Ethnic, and Cultural Studies Teachers, Postsecondary",11300,85020.0,-21830.0,-25.67631145612797
25-1063,37.29835916985353,1.6271941480665588,"Economics Teachers, Postsecondary",11560,123920.0,-60730.0,-49.00742414460942
25-1064,39.783695927498655,1.56269622784514,"Geography Teachers, Postsecondary",3330,97590.0,-34400.0,-35.249513269802236
25-1065,31.32442945090592,1.7822258721320445,"Political Science Teachers, Postsecondary",16970,98070.0,-34880.0,-35.566432140307946
25-1066,36.31385682917821,1.65274334305245,"Psychology Teachers, Postsecondary",41530,80340.0,-17150.0,-21.346776201145133
25-1067,32.08248757129092,1.7625532173011085,"Sociology Teachers, Postsecondary",11850,84290.0,-21100.0,-25.032625459722386
25-1071,51.75935402307588,1.2519113661673238,"Health Specialties Teachers, Postsecondary",221270,107310.0,-44120.0,-41.11452800298201
25-1072,55.75130532081035,1.148314718535143,"Nursing Instructors and Teachers, Postsecondary",77960,80250.0,-17060.0,-21.258566978193148
25-1081,36.23218784433242,1.6548627659648356,"Education Teachers, Postsecondary",60830,75350.0,-12160.0,-16.138022561380225
25-1082,37.88817434846358,1.611887629857969,"Library Science Teachers, Postsecondary",3630,80340.0,-17150.0,-21.346776201145133
25-1111,34.74121878671367,1.6935554715046737,"Criminal Justice and Law Enforcement Teachers, Postsecondary",13150,76590.0,-13400.0,-17.495756626191408
25-1112,32.66760896853123,1.747368509199495,"Law Teachers, Postsecondary",20060,128500.0,-65310.0,-50.824902723735406
25-1113,36.23382414746141,1.6548203016394893,"Social Work Teachers, Postsecondary",12610,77570.0,-14380.0,-18.53809462421039
25-1121,52.521240274011916,1.23213936606331,"Art, Drama, and Music Teachers, Postsecondary",93560,78620.0,-15430.0,-19.626049351310098
25-1122,38.27554910193523,1.6018347201794914,"Communications Teachers, Postsecondary",29420,78580.0,-15390.0,-19.585136166963604
25-1123,35.18727262110206,1.681979758661598,"English Language and Literature Teachers, Postsecondary",57720,78760.0,-15570.0,-19.768918232605383
25-1124,31.006278434159473,1.7904823302692987,"Foreign Language and Literature Teachers, Postsecondary",19830,79350.0,-16160.0,-20.365469439193447
25-1125,32.963229890799774,1.7396967381199395,"History Teachers, Postsecondary",18790,83820.0,-20630.0,-24.612264376043903
25-1126,31.752360667968627,1.7711204662294187,"Philosophy and Religion Teachers, Postsecondary",20460,80260.0,-17070.0,-21.268377772240218
25-1192,43.887067504367614,1.4562080701378923,"Family and Consumer Sciences Teachers, Postsecondary",2770,75870.0,-12680.0,-16.71279820746013
25-1193,45.3372650635781,1.4185734412725954,"Recreation and Fitness Studies Teachers, Postsecondary",12630,77270.0,-14080.0,-18.221819593632716
25-1194,63.4399681409519,0.9487833030609871,"Career/Technical Education Teachers, Postsecondary",114110,63820.0,-630.0,-0.9871513632090254
25-2011,41.20297705236673,1.5258639231355589,"Preschool Teachers, Except Special Education",478780,38140.0,25050.0,65.6790770844258
25-2012,46.48201766232604,1.3888655308414695,"Kindergarten Teachers, Except Special Education",108870,62680.0,510.0,0.8136566687938737
25-2021,45.88881450584954,1.4042599717532787,"Elementary School Teachers, Except Special Education",1388390,63970.0,-780.0,-1.2193215569798344
25-2022,44.737361596505686,1.4341417644950996,"Middle School Teachers, Except Special and Career/Technical Education",620090,64370.0,-1180.0,-1.8331520894826783
25-2023,57.17719903611547,1.1113108079741,"Career/Technical Education Teachers, Middle School",16870,65030.0,-1840.0,-2.8294633246194065
25-2031,45.4802968500396,1.4148615689382154,"Secondary School Teachers, Except Special and Career/Technical Education",1065210,72040.0,-8850.0,-12.284841754580789
25-2032,65.06980038187051,0.9064869061941625,"Career/Technical Education Teachers, Secondary School",111420,66270.0,-3080.0,-4.6476535385543984
25-2051,47.67116950533252,1.3580053987223688,"Special Education Teachers, Preschool",29510,64830.0,-1640.0,-2.529693043344131
25-2057,41.123820924435606,1.5279181339416532,"Special Education Teachers, Middle School",95200,66810.0,-3620.0,-5.4183505463254
25-2058,47.528975516852434,1.361695529042432,"Special Education Teachers, Secondary School",163930,74260.0,-11070.0,-14.907083221115002
25-2059,55.49101711685198,1.155069556792712,"Special Education Teachers, All Other",33930,76580.0,-13390.0,-17.484983024288326
25-3011,37.0019767440673,1.6348856812137624,"Adult Basic Education, Adult Secondary Education, and English as a Second Language Instructors",37310,61540.0,1650.0,2.6811829704257395
25-3021,40.82971455025568,1.5355506004072605,Self-Enrichment Teachers,332110,46800.0,16390.0,35.02136752136752
25-3031,30.39984987051241,1.8062199887567378,"Substitute Teachers, Short-Term",524770,41670.0,21520.0,51.64386849052076
25-3041,33.73739203668159,1.7196061615934655,Tutors,175070,43350.0,19840.0,45.767012687427915
25-4011,52.530377613896164,1.231902239477918,Archivists,7970,64550.0,-1360.0,-2.106893880712626
25-4012,58.13261836999699,1.0865163571677317,Curators,12150,63420.0,-230.0,-0.3626616209397666
25-4013,63.908360987810674,0.9366278620021244,Museum Technicians and Conservators,12310,51440.0,11750.0,22.842146189735615
25-4022,44.993321486585046,1.4274992519585432,Librarians and Media Collections Specialists,133790,68270.0,-5080.0,-7.441042917826278
25-4031,39.36192641880005,1.5736417289086033,Library Technicians,68690,44580.0,18610.0,41.74517720951099
25-9021,55.40629161384074,1.157268300571449,Farm and Home Management Educators,8220,60220.0,2970.0,4.931916306874792
25-9031,45.468855668667885,1.4151584833909878,Instructional Coordinators,227760,77440.0,-14250.0,-18.40134297520661
25-9044,40.355830492214906,1.5478485459776936,"Teaching Assistants, Postsecondary",164090,42910.0,20280.0,47.26171055697972
27-1011,48.18600246517353,1.3446447726144426,Art Directors,53070,114850.0,-51660.0,-44.98040922942969
27-1012,49.22875956445544,1.3175837862137392,Craft Artists,4580,46080.0,17110.0,37.131076388888886
27-1013,41.02876063759137,1.530385079629494,"Fine Artists, Including Painters, Sculptors, and Illustrators",11220,55490.0,7700.0,13.876374121463327
27-1014,47.276514594938234,1.3682472385242797,Special Effects Artists and Animators,19970,102030.0,-38840.0,-38.06723512692346
27-1021,55.76062153370358,1.1480729499482083,Commercial and Industrial Designers,33490,83910.0,-20720.0,-24.69312358479323
27-1022,55.12306031140515,1.1646185439107093,Fashion Designers,21450,80960.0,-17770.0,-21.949110671936758
27-1023,36.44611048433718,1.649311178106112,Floral Designers,40590,37360.0,25830.0,69.13811563169165
27-1024,48.75202896514455,1.3299556034601863,Graphic Designers,197830,62960.0,230.0,0.3653113087674714
27-1025,52.32711482292132,1.2371771895368788,Interior Designers,71500,67190.0,-4000.0,-5.953266855186784
27-1026,48.74243577798983,1.330204559911609,Merchandise Displayers and Window Trimmers,165220,39390.0,23800.0,60.42142675806042
27-1027,63.36618431478143,0.9506980952191668,Set and Exhibit Designers,10630,75240.0,-12050.0,-16.015417331206805
27-2011,30.247478022901607,1.8101742485732235,Actors,55000,60424.0,2766.0,4.577651264398252
27-2012,54.48268423318936,1.1812371872705738,Producers and Directors,143120,90360.0,-27170.0,-30.06861443116423
27-2021,58.602932877724086,1.07431104635621,Athletes and Sports Competitors,15070,66710.0,-3520.0,-5.276570229350922
27-2022,55.956795927413104,1.1429819535848216,Coaches and Scouts,248950,47320.0,15870.0,33.53761622992392
27-2023,41.040908880273086,1.5300698159595283,"Umpires, Referees, and Other Sports Officials",15780,40710.0,22480.0,55.219847703267014
27-2031,26.877022784184323,1.8976422154102923,Dancers,8130,51584.0,11606.0,22.499224565756823
27-2032,45.981993106829,1.4018418584115635,Choreographers,2860,55310.0,7880.0,14.24697161453625
27-2041,47.32050104187374,1.3671057294967635,Music Directors and Composers,12540,73710.0,-10520.0,-14.272147605480939
27-2042,43.667977365201594,1.4618937617343175,Musicians and Singers,36180,99424.0,-36234.0,-36.44391696169939
27-3011,39.10202006213797,1.580386657701639,Broadcast Announcers and Radio Disc Jockeys,21240,47340.0,15850.0,33.48119983100972
27-3023,41.54473839231648,1.516994744513773,"News Analysts, Reporters, and Journalists",39250,62200.0,990.0,1.5916398713826367
27-3031,36.694174758159626,1.6428735677124429,Public Relations Specialists,283380,74750.0,-11560.0,-15.464882943143813
27-3041,45.51905438698497,1.4138557573441963,Editors,91690,77920.0,-14730.0,-18.90400410677618
27-3042,37.4666720376506,1.6228261967673958,Technical Writers,45500,90390.0,-27200.0,-30.09182431684921
27-3043,30.545804080195783,1.8024322755049296,Writers and Authors,47940,76910.0,-13720.0,-17.839032635548044
27-3091,40.04889117343162,1.5558140450734614,Interpreters and Translators,52060,60170.0,3020.0,5.0191125145421305
27-3092,22.419125130645234,2.013330814280752,Court Reporters and Simultaneous Captioners,12870,72420.0,-9230.0,-12.745098039215685
27-4011,72.84327615841616,0.7047544774049831,Audio and Video Technicians,70230,58100.0,5090.0,8.760757314974182
27-4012,73.2638504843418,0.6938399929845976,Broadcast Technicians,21110,59570.0,3620.0,6.076884337753903
27-4014,63.426354082296974,0.9491366066792246,Sound Engineering Technicians,13080,73130.0,-9940.0,-13.592233009708737
27-4021,65.212928754329,0.9027725273198098,Photographers,51760,44660.0,18530.0,41.49126735333632
27-4031,61.63239577605522,0.9956923015405387,"Camera Operators, Television, Video, and Film",21550,74990.0,-11800.0,-15.735431390852114
27-4032,53.01231746271058,1.219395235014745,Film and Video Editors,25610,75420.0,-12230.0,-16.215857862635907
29-1011,55.79279886400506,1.1472379038015086,Chiropractors,39630,79200.0,-16010.0,-20.214646464646464
29-1021,67.62847323095646,0.8400858131489597,"Dentists, General",124390,170950.0,-107760.0,-63.035975431412695
29-1022,68.09134643202117,0.8280736145191079,Oral and Maxillofacial Surgeons,4910,352220.0,-289030.0,-82.05950826188177
29-1023,58.49317503914322,1.0771594138036746,Orthodontists,6210,289140.0,-225950.0,-78.14553503493117
29-1024,68.02969437273029,0.8296735705771343,Prosthodontists,870,311180.0,-247990.0,-79.69342502731539
29-1031,44.91137738942569,1.4296258144152978,Dietitians and Nutritionists,77570,76400.0,-13210.0,-17.290575916230367
29-1041,58.686433244603585,1.072144096551566,Optometrists,42790,136570.0,-73380.0,-53.7306875594933
29-1051,53.36435907181733,1.2102592692149627,Pharmacists,321970,140910.0,-77720.0,-55.155773188560076
29-1071,64.1032766542424,0.9315695313494484,Physician Assistants,162150,135880.0,-72690.0,-53.49573152781866
29-1081,61.08396171710157,1.0099249225615292,Podiatrists,9680,160300.0,-97110.0,-60.58016219588272
29-1122,55.315328554543164,1.159628917547649,Occupational Therapists,162450,100330.0,-37140.0,-37.017841124289845
29-1123,60.36902120601986,1.028478615901059,Physical Therapists,267330,102760.0,-39570.0,-38.50720124562086
29-1124,68.94370327145892,0.8059537777359729,Radiation Therapists,17070,105310.0,-42120.0,-39.99620169024784
29-1125,55.07385617705053,1.1658954591305102,Recreational Therapists,14930,61960.0,1230.0,1.9851517107811492
29-1126,65.47206607523633,0.8960475560663731,Respiratory Therapists,139790,82280.0,-19090.0,-23.201263976665047
29-1127,43.07633552209299,1.4772476844086149,Speech-Language Pathologists,183390,97870.0,-34680.0,-35.43476039644426
29-1128,58.88186491927493,1.0670723747726496,Exercise Physiologists,8560,59460.0,3730.0,6.273124789774639
29-1129,51.580927672315724,1.2565417763124793,"Therapists, All Other",22640,77930.0,-14740.0,-18.914410368279224
29-1131,58.59829172266018,1.0744314907378925,Veterinarians,83900,130100.0,-66910.0,-51.42966948501153
29-1141,59.46299393319241,1.0519912745303162,Registered Nurses,3379720,97550.0,-34360.0,-35.222962583290624
29-1151,70.07225817189457,0.7766662199392744,Nurse Anesthetists,51840,236590.0,-173400.0,-73.29134790143286
29-1161,57.46278147801065,1.1038995493197818,Nurse Midwives,7920,134040.0,-70850.0,-52.857356013130406
29-1171,59.155407718715566,1.0599735614624635,Nurse Practitioners,323040,132300.0,-69110.0,-52.237339380196524
29-1181,62.611701841010145,0.9702779570837885,Audiologists,13660,95780.0,-32590.0,-34.0258926707037
29-1211,62.62061967301988,0.9700465270308017,Anesthesiologists,38760,391490.0,-328300.0,-83.85910240363738
29-1213,53.19162983067811,1.2147418314997855,Dermatologists,11370,328730.0,-265540.0,-80.77753779697625
29-1214,59.56813421131546,1.0492627391519302,Emergency Medicine Physicians,32880,335550.0,-272360.0,-81.16823126210699
29-1215,40.794451072724726,1.53646573633543,Family Medicine Physicians,107510,244180.0,-180990.0,-74.12154967646818
29-1216,55.96007223061752,1.1428969289932651,General Internal Medicine Physicians,67150,256560.0,-193370.0,-75.3702837542875
29-1217,52.57321231989371,1.2307906197178835,Neurologists,10590,248560.0,-185370.0,-74.57756678467976
29-1218,57.982850821728725,1.0904030318206734,Obstetricians and Gynecologists,21260,292910.0,-229720.0,-78.42682052507597
29-1221,48.25845135084519,1.3427646240052822,"Pediatricians, General",39390,210040.0,-146850.0,-69.91525423728814
29-1222,57.54415311790757,1.1017878429193457,"Physicians, Pathologists",11110,312400.0,-249210.0,-79.77272727272727
29-1223,39.72288375356226,1.564274387718636,Psychiatrists,27980,281870.0,-218680.0,-77.58186397984886
29-1224,61.874447845280514,0.9894107161568682,Radiologists,26770,420860.0,-357670.0,-84.98550586893504
29-1229,58.238554043283706,1.0837671801866924,"Physicians, All Other",342720,265930.0,-202740.0,-76.23810777272215
29-1241,64.26336499968167,0.9274150177605921,"Ophthalmologists, Except Pediatric",8950,300080.0,-236890.0,-78.94228205811784
29-1291,47.617435455958315,1.3593998714911195,Acupuncturists,7830,76040.0,-12850.0,-16.899000526038925
29-1292,56.41752935417321,1.1310252850524372,Dental Hygienists,222740,98100.0,-34910.0,-35.586136595310904
29-1299,50.037327664674244,1.2966003276699116,"Healthcare Diagnosing or Treating Practitioners, All Other",28630,115210.0,-52020.0,-45.152330526863985
29-2031,60.39259559134496,1.0278668280540841,Cardiovascular Technologists and Technicians,62960,74310.0,-11120.0,-14.964338581617548
29-2032,62.244818932417935,0.9797990750957413,Diagnostic Medical Sonographers,90160,96590.0,-33400.0,-34.579148980225696
29-2033,64.27847413575373,0.9270229148192131,Nuclear Medicine Technologists,17080,101370.0,-38180.0,-37.66400315675249
29-2034,59.25062547035942,1.0575025293456701,Radiologic Technologists and Technicians,230490,80110.0,-16920.0,-21.120958681812507
29-2035,64.65106826604627,0.917353582718984,Magnetic Resonance Imaging Technologists,43390,95480.0,-32290.0,-33.81860075408463
29-2036,54.82866874783687,1.1722584114346883,Medical Dosimetrists,3410,147470.0,-84280.0,-57.15060690309893
29-2051,57.79711355700762,1.095223170276871,Dietetic Technicians,31560,37640.0,25550.0,67.87991498405951
29-2052,52.32492097953434,1.2372341228016834,Pharmacy Technicians,471680,45750.0,17440.0,38.12021857923497
29-2053,45.644086540579586,1.4106110003337624,Psychiatric Technicians,156960,45130.0,18060.0,40.01772656769333
29-2055,66.1824763043494,0.8776114297986276,Surgical Technologists,117460,64650.0,-1460.0,-2.2583139984532097
29-2056,66.72542872510701,0.8635210648570043,Veterinary Technologists and Technicians,129140,47380.0,15810.0,33.36850991979738
29-2057,52.352127496862224,1.2365280761145623,Ophthalmic Medical Technicians,71010,45570.0,17620.0,38.665788896203644
29-2061,58.854115195518105,1.0677925184165757,Licensed Practical and Licensed Vocational Nurses,648410,64400.0,-1210.0,-1.8788819875776397
29-2081,60.22537603053103,1.0322064065275691,"Opticians, Dispensing",73530,47260.0,15930.0,33.70715192551841
29-2091,70.60471288730717,0.7628482849449278,Orthotists and Prosthetists,9390,81110.0,-17920.0,-22.09345333497719
29-2092,57.628213096506656,1.0996063704179553,Hearing Aid Specialists,11270,65160.0,-1970.0,-3.023327194597913
29-2099,56.44251467149887,1.1303768815720556,"Health Technologists and Technicians, All Other",182610,50290.0,12900.0,25.651222907138596
29-9091,59.81753936302674,1.0427903311257734,Athletic Trainers,30500,62520.0,670.0,1.071657069737684
29-9092,35.49741939611116,1.6739310216484211,Genetic Counselors,3740,100040.0,-36850.0,-36.83526589364254
29-9093,66.72166001255829,0.8636188681508868,Surgical Assistants,22270,66800.0,-3610.0,-5.404191616766467
29-9099,56.75009989188564,1.122394620437918,"Healthcare Practitioners and Technical Workers, All Other",35010,65790.0,-2600.0,-3.951968384252926
31-1131,46.072038153281284,1.3995050651361458,Nursing Assistants,1448910,42260.0,20930.0,49.52673923331756
31-1132,29.378798965294216,1.8327176694530025,Orderlies,52440,38290.0,24900.0,65.03003395142335
31-1133,50.773396898430725,1.277498314805768,Psychiatric Aides,35520,44910.0,18280.0,40.70362948118459
31-2011,54.66677642490967,1.176459740730004,Occupational Therapy Assistants,51290,72300.0,-9110.0,-12.60027662517289
31-2012,52.79557824241532,1.2250199170206966,Occupational Therapy Aides,4310,39160.0,24030.0,61.36363636363637
31-2021,60.61264079280605,1.0221563512725027,Physical Therapist Assistants,112430,68380.0,-5190.0,-7.589938578531735
31-2022,48.16835254538838,1.345102812401089,Physical Therapist Aides,48150,35240.0,27950.0,79.31328036322361
31-9011,37.17172733301598,1.6304804190657367,Massage Therapists,98790,58450.0,4740.0,8.109495295124038
31-9091,58.80873232949313,1.0689702664474185,Dental Assistants,387790,48070.0,15120.0,31.454129394632826
31-9092,58.86517669260433,1.0675054572952198,Medical Assistants,817870,45690.0,17500.0,38.30159772379076
31-9093,63.552583925820294,0.94586076796156,Medical Equipment Preparers,77420,47700.0,15490.0,32.473794549266245
31-9094,25.345601292504327,1.9373847174643526,Medical Transcriptionists,41550,40410.0,22780.0,56.37218510269735
31-9095,47.19851917122422,1.370271327453423,Pharmacy Aides,39530,37680.0,25510.0,67.70169851380042
31-9096,55.477048524847795,1.1554320610408466,Veterinary Assistants and Laboratory Animal Caretakers,126580,38150.0,25040.0,65.63564875491481
31-9097,59.59307405040717,1.0486155158945087,Phlebotomists,143540,45230.0,17960.0,39.70815830201194
31-9099,53.871482388235556,1.197098718998116,"Healthcare Support Workers, All Other",109740,48430.0,14760.0,30.476977080322115
33-1011,58.270719600005464,1.0829324395806414,First-Line Supervisors of Correctional Officers,53380,77970.0,-14780.0,-18.956008721303064
33-1012,64.40281734427361,0.923796036884655,First-Line Supervisors of Police and Detectives,154610,106040.0,-42850.0,-40.409279517163334
33-1021,75.76693401250081,0.6288815195664048,First-Line Supervisors of Firefighting and Prevention Workers,99140,93530.0,-30340.0,-32.43878969314658
33-1091,59.82860546151261,1.0425031505917437,First-Line Supervisors of Security Workers,81480,55940.0,7250.0,12.960314622810154
33-2011,78.22291285579333,0.5651454777552083,Firefighters,345990,59280.0,3910.0,6.595816464237517
33-2021,64.76022996550319,0.9145206859048403,Fire Inspectors and Investigators,13800,75920.0,-12730.0,-16.767650158061116
33-2022,69.40473772811539,0.7939892970621629,Forest Fire Inspectors and Prevention Specialists,2780,56870.0,6320.0,11.11306488482504
33-3011,41.18354454620755,1.5263682234997253,Bailiffs,17310,56600.0,6590.0,11.643109540636042
33-3012,63.52209673596316,0.94665195263025,Correctional Officers and Jailers,380500,58940.0,4250.0,7.2107227689175435
33-3021,55.0710441297256,1.165968435641023,Detectives and Criminal Investigators,114430,93790.0,-30600.0,-32.62607953939652
33-3031,67.66494702309285,0.8391392678857679,Fish and Game Wardens,5770,74060.0,-10870.0,-14.677288684850122
33-3041,53.914408950227255,1.195984715448213,Parking Enforcement Workers,9050,46730.0,16460.0,35.22362508024823
33-3051,60.86677601841506,1.0155611912981608,Police and Sheriff's Patrol Officers,670520,76210.0,-13020.0,-17.08437212964178
33-3052,57.8021461959743,1.0950925663474123,Transit and Railroad Police,4390,90230.0,-27040.0,-29.96785991355425
33-9011,51.423383186609286,1.2606302732291088,Animal Control Workers,12070,45660.0,17530.0,38.39246605343846
33-9021,48.7816480334062,1.329186947745464,Private Detectives and Investigators,35580,51220.0,11970.0,23.369777430691137
33-9031,49.754284625631854,1.303945685314194,Gambling Surveillance Officers and Gambling Investigators,9520,43370.0,19820.0,45.699792483283375
33-9032,51.305028749055296,1.2637017342887524,Security Guards,1283470,38020.0,25170.0,66.20199894792215
33-9091,20.910597143947683,2.0524791982727812,Crossing Guards and Flaggers,94360,38100.0,25090.0,65.85301837270342
33-9092,46.69494767592639,1.3833397030084018,"Lifeguards, Ski Patrol, and Other Recreational Protective Service Workers",157550,33580.0,29610.0,88.17748659916617
33-9093,55.45197343618992,1.1560827942112413,Transportation Security Screeners,50290,66770.0,-3580.0,-5.3616893814587385
33-9099,55.37024370624019,1.1582037935429417,"Protective Service Workers, All Other",81500,42540.0,20650.0,48.542548189938884
35-1011,67.8222306009133,0.8350575418889998,Chefs and Head Cooks,200040,62470.0,720.0,1.1525532255482631
35-1012,60.903713986896925,1.0146026000179424,First-Line Supervisors of Food Preparation and Serving Workers,1223240,44080.0,19110.0,43.3529945553539
35-2011,26.26619172152894,1.9134941248252726,"Cooks, Fast Food",641070,30890.0,32300.0,104.56458400776951
35-2012,47.58873768210774,1.3601446183438963,"Cooks, Institution and Cafeteria",441050,37450.0,25740.0,68.73164218958611
35-2013,45.80069830164382,1.406546708909357,"Cooks, Private Household",1100,47940.0,15250.0,31.810596579057155
35-2014,29.401820182885007,1.8321202370724596,"Cooks, Restaurant",1409890,37390.0,25800.0,69.00240706071142
35-2015,29.760656504643666,1.8228079390982943,"Cooks, Short Order",138650,35880.0,27310.0,76.11482720178373
35-2021,21.639847526919286,2.0335541440008975,Food Preparation Workers,893600,35320.0,27870.0,78.90713476783692
35-3011,46.37786608673413,1.391568408024128,Bartenders,756390,34340.0,28850.0,84.01281304601048
35-3023,32.75176130137585,1.745184639977925,Fast Food and Counter Workers,3854050,31200.0,31990.0,102.53205128205128
35-3031,28.852613623353708,1.8463729055499873,Waiters and Waitresses,2270910,35230.0,27960.0,79.36417825716718
35-3041,35.488919378798855,1.6741516088331572,"Food Servers, Nonrestaurant",293900,35360.0,27830.0,78.70475113122171
35-9011,29.36541792188724,1.8330649260038454,Dining Room and Cafeteria Attendants and Bartender Helpers,542750,33980.0,29210.0,85.96233078281342
35-9021,16.097257965768897,2.1773919954451695,Dishwashers,477450,34810.0,28380.0,81.52829646653261
35-9031,29.87221956568077,1.819912723635724,"Hosts and Hostesses, Restaurant, Lounge, and Coffee Shop",432690,31200.0,31990.0,102.53205128205128
37-1011,57.65446245159176,1.0989251634125325,First-Line Supervisors of Housekeeping and Janitorial Workers,178760,49100.0,14090.0,28.69653767820774
37-1012,72.30264596293759,0.7187845773944532,"First-Line Supervisors of Landscaping, Lawn Service, and Groundskeeping Workers",130760,58430.0,4760.0,8.14650008557248
37-2011,38.11435001588117,1.6060180590208368,"Janitors and Cleaners, Except Maids and Housekeeping Cleaners",2209760,36840.0,26350.0,71.52551574375678
37-2012,23.204464068291976,1.9929501845768292,Maids and Housekeeping Cleaners,860670,35510.0,27680.0,77.94987327513377
37-2021,57.78525381495001,1.0955309469573251,Pest Control Workers,102620,45250.0,17940.0,39.646408839779006
37-3011,34.42375494002321,1.701794096630239,Landscaping and Groundskeeping Workers,952640,39150.0,24040.0,61.40485312899106
37-3012,55.97996444670868,1.142380698521669,"Pesticide Handlers, Sprayers, and Applicators, Vegetation",27050,46340.0,16850.0,36.361674579197235
37-3013,55.08335482085841,1.1656489562094683,Tree Trimmers and Pruners,55160,50960.0,12230.0,23.999215070643643
39-1013,51.359762906844765,1.2622813073258339,First-Line Supervisors of Gambling Services Workers,26010,63820.0,-630.0,-0.9871513632090254
39-1022,52.05007043888619,1.2443668738017273,First-Line Supervisors of Personal Service Workers,114110,48590.0,14600.0,30.047334842560197
39-2011,53.307318062742645,1.2117395621536688,Animal Trainers,18770,39990.0,23200.0,58.01450362590648
39-2021,42.41765608453467,1.4943413252138067,Animal Caretakers,266910,35360.0,27830.0,78.70475113122171
39-3011,28.495230633164613,1.855647487563392,Gambling Dealers,83910,34320.0,28870.0,84.12004662004662
39-3012,38.74369755882682,1.5896856213776922,Gambling and Sports Book Writers and Runners,8950,34980.0,28210.0,80.64608347627215
39-3021,42.92355772785046,1.4812124791006613,Motion Picture Projectionists,1480,38270.0,24920.0,65.11627906976744
39-3031,26.468750461892654,1.9082374458517124,"Ushers, Lobby Attendants, and Ticket Takers",121770,32910.0,30280.0,92.00850805226375
39-3091,31.429487225280496,1.7794994778398394,Amusement and Recreation Attendants,397830,32150.0,31040.0,96.54743390357699
39-3092,45.836894260335455,1.405607373807645,Costume Attendants,6510,50400.0,12790.0,25.376984126984127
39-3093,11.584512337103092,2.2945039749955902,"Locker Room, Coatroom, and Dressing Room Attendants",15560,36300.0,26890.0,74.0771349862259
39-4011,55.90672471907864,1.1442813705715187,Embalmers,3890,58780.0,4410.0,7.502551888397414
39-4021,32.929718963096676,1.7405663929604318,Funeral Attendants,31090,35680.0,27510.0,77.10201793721973
39-4031,58.13428760610873,1.0864730381860144,"Morticians, Undertakers, and Funeral Arrangers",25100,55010.0,8180.0,14.870023632066896
39-5011,32.384952293772294,1.754703840157191,Barbers,15000,38210.0,24980.0,65.37555613713687
39-5012,51.95408070718417,1.246857939866858,"Hairdressers, Hairstylists, and Cosmetologists",305710,35790.0,27400.0,76.55769768091646
39-5091,55.84682154915404,1.1458359405358993,"Makeup Artists, Theatrical and Performance",2340,97150.0,-33960.0,-34.95625321667524
39-5092,19.082918576045728,2.0999099804797896,Manicurists and Pedicurists,152770,35760.0,27430.0,76.70581655480984
39-5093,25.306611269079838,1.9383965624034853,Shampooers,8070,32600.0,30590.0,93.83435582822086
39-5094,44.63216925763235,1.4368716509218329,Skincare Specialists,72890,45330.0,17860.0,39.39995587910876
39-6011,45.74144967680376,1.4080842925251016,Baggage Porters and Bellhops,28510,37080.0,26110.0,70.41531823085221
39-6012,36.14922808245956,1.657015686323175,Concierges,49240,38950.0,24240.0,62.23363286264441
39-9011,43.0698573491529,1.4774158019404486,Childcare Workers,518910,34980.0,28210.0,80.64608347627215
39-9031,45.044311213870394,1.426175998136925,Exercise Trainers and Group Fitness Instructors,322930,47160.0,16030.0,33.99067005937235
39-9032,52.13326044610416,1.2422079782587956,Recreation Workers,331490,36560.0,26630.0,72.83916849015317
39-9041,47.327735975710716,1.3669179729748397,Residential Advisors,84760,42240.0,20950.0,49.597537878787875
41-1011,51.79259556320994,1.2510487023061756,First-Line Supervisors of Retail Sales Workers,1121800,48520.0,14670.0,30.234954657873043
41-1012,47.50572429868344,1.362298930255528,First-Line Supervisors of Non-Retail Sales Workers,214390,87520.0,-24330.0,-27.799360146252287
41-2011,26.349669107582287,1.9113277714047958,Cashiers,3089410,32880.0,30310.0,92.18369829683698
41-2012,45.29178143464267,1.4197538042400821,Gambling Change Persons and Booth Cashiers,21530,36220.0,26970.0,74.4616234124793
41-2021,44.98574060100654,1.4276959864057952,Counter and Rental Clerks,400810,41300.0,21890.0,53.002421307506054
41-2022,63.975707540898455,0.934880125968011,Parts Salespersons,270070,38630.0,24560.0,63.57753041677453
41-2031,40.92497602299575,1.5330784336676573,Retail Salespersons,3897860,35410.0,27780.0,78.45241457215477
41-3011,43.118188857587405,1.4761615325680586,Advertising Sales Agents,91700,64820.0,-1630.0,-2.5146559703795126
41-3021,34.45706780635048,1.7009295817559011,Insurance Sales Agents,479100,62280.0,910.0,1.4611432241490045
41-3031,37.31982433021437,1.6266370975194915,"Securities, Commodities, and Financial Services Sales Agents",489570,78660.0,-15470.0,-19.66692092550216
41-3041,33.29031447666285,1.7312084415300473,Travel Agents,55110,50160.0,13030.0,25.976874003189792
41-4011,45.5733043925399,1.4124478948002048,"Sales Representatives, Wholesale and Manufacturing, Technical and Scientific Products",284800,104920.0,-41730.0,-39.77316050324056
41-4012,39.497574641694456,1.5701214702428479,"Sales Representatives, Wholesale and Manufacturing, Except Technical and Scientific Products",1238190,72080.0,-8890.0,-12.333518312985571
41-9011,41.93125926775668,1.5069639941491118,Demonstrators and Product Promoters,64520,39320.0,23870.0,60.707019328585965
41-9012,0.0,2.5951380642087063,Models,3780,48470.0,14720.0,30.369300598308232
41-9021,37.135961063890235,1.6314086031299664,Real Estate Brokers,46100,73220.0,-10030.0,-13.698443048347446
41-9022,52.711346771007264,1.2272058399972499,Real Estate Sales Agents,193370,52830.0,10360.0,19.610070035964416
41-9031,49.92454383568381,1.2995272237463145,Sales Engineers,51790,124900.0,-61710.0,-49.407526020816654
41-9041,17.711765230455267,2.135493302869879,Telemarketers,58430,35450.0,27740.0,78.25105782792666
41-9091,22.392321968517248,2.014026393343547,"Door-to-Door Sales Workers, News and Street Vendors, and Related Workers",2760,41380.0,21810.0,52.7066215563074
43-1011,48.573833033618754,1.3345800339080836,First-Line Supervisors of Office and Administrative Support Workers,1436680,69500.0,-6310.0,-9.079136690647482
43-2011,19.48350041662239,2.089514328656677,"Switchboard Operators, Including Answering Service",34280,38630.0,24560.0,63.57753041677453
43-2021,22.148511769291922,2.0203536046280663,Telephone Operators,3430,41740.0,21450.0,51.38955438428366
43-3011,30.596959230289855,1.801104728733035,Bill and Account Collectors,158830,47030.0,16160.0,34.36104614076122
43-3021,28.626322552183225,1.8522454712738383,Billing and Posting Clerks,404060,48500.0,14690.0,30.288659793814432
43-3031,33.86444232896187,1.7163090310978113,"Bookkeeping, Accounting, and Auditing Clerks",1373680,50670.0,12520.0,24.708900730215117
43-3041,41.35460883612948,1.521928868997693,Gambling Cage Workers,14430,37580.0,25610.0,68.14795103778606
43-3051,31.577250405313016,1.7756648193099303,Payroll and Timekeeping Clerks,153140,58260.0,4930.0,8.462066598008926
43-3061,34.079454748840675,1.7107291619467604,Procurement Clerks,55810,50580.0,12610.0,24.930802688809806
43-3071,45.992893074128546,1.4015589892111864,Tellers,329480,43030.0,20160.0,46.85103416221241
43-4011,29.990618410178392,1.8168401101545828,Brokerage Clerks,35940,65750.0,-2560.0,-3.893536121673004
43-4021,33.198915552195,1.7335803698091898,Correspondence Clerks,4290,46800.0,16390.0,35.02136752136752
43-4031,35.21959714097639,1.6811408927422666,"Court, Municipal, and License Clerks",179750,48700.0,14490.0,29.753593429158112
43-4041,28.283226007032713,1.8611493003140243,"Credit Authorizers, Checkers, and Clerks",12030,50080.0,13110.0,26.17811501597444
43-4051,40.05601044918804,1.5556292900384106,Customer Service Representatives,2595750,44770.0,18420.0,41.14362296180478
43-4061,33.555555294799156,1.7243250760967734,"Eligibility Interviewers, Government Programs",154800,54210.0,8980.0,16.565209370964766
43-4071,43.95046949435658,1.4545627009622228,File Clerks,73440,43600.0,19590.0,44.93119266055046
43-4081,43.3124123938975,1.471121163647623,"Hotel, Motel, and Resort Desk Clerks",261420,35070.0,28120.0,80.18249215854006
43-4111,39.08545884074422,1.5808164442619261,"Interviewers, Except Eligibility and Loan",148060,45920.0,17270.0,37.608885017421606
43-4121,39.725070252214564,1.5642176450598366,"Library Assistants, Clerical",85520,36910.0,26280.0,71.20021674342996
43-4131,38.10442988387661,1.606275500142507,Loan Interviewers and Clerks,164790,50020.0,13170.0,26.329468212714914
43-4141,29.826662643369218,1.8210949886675132,New Accounts Clerks,36860,47670.0,15520.0,32.55716383469687
43-4151,44.722688817737975,1.4345225433619775,Order Clerks,75200,46170.0,17020.0,36.86376434914447
43-4161,36.4854731060317,1.6482896637274471,"Human Resources Assistants, Except Payroll and Timekeeping",90220,50610.0,12580.0,24.856747678324442
43-4171,33.61550772335077,1.722769227803013,Receptionists and Information Clerks,910180,38010.0,25180.0,66.24572480926072
43-4181,43.987441014523775,1.4536032389694473,Reservation and Transportation Ticket Agents and Travel Clerks,118710,44390.0,18800.0,42.35188105429151
43-5011,54.500056415447304,1.1807863551562143,Cargo and Freight Agents,97670,52260.0,10930.0,20.91465748182166
43-5021,34.61888486205351,1.69673020574897,Couriers and Messengers,68640,39200.0,23990.0,61.19897959183673
43-5031,53.601571552185966,1.2041032778438627,Public Safety Telecommunicators,102500,53040.0,10150.0,19.136500754147814
43-5032,42.09779265080326,1.5026422229360556,"Dispatchers, Except Police, Fire, and Ambulance",202810,50340.0,12850.0,25.526420341676598
43-5041,49.65425160500977,1.3065416803091352,"Meter Readers, Utilities",19430,48150.0,15040.0,31.23572170301142
43-5051,45.13974978773816,1.4236992353785445,Postal Service Clerks,73720,62130.0,1060.0,1.7061001126669886
43-5052,24.72666962794492,1.9534468486827743,Postal Service Mail Carriers,328820,60550.0,2640.0,4.360033030553262
43-5053,31.643972451688406,1.7739332900872233,"Postal Service Mail Sorters, Processors, and Processing Machine Operators",105200,58470.0,4720.0,8.072515820078673
43-5061,46.38795733806399,1.391306526119712,"Production, Planning, and Expediting Clerks",390160,59650.0,3540.0,5.934618608549874
43-5071,50.52586554615601,1.2839220951494996,"Shipping, Receiving, and Inventory Clerks",816870,45260.0,17930.0,39.6155545735749
43-5111,58.76280824096971,1.0701620599493307,"Weighers, Measurers, Checkers, and Samplers, Recordkeeping",53300,46380.0,16810.0,36.24407072013799
43-6011,43.47837910265717,1.4668140984146862,Executive Secretaries and Executive Administrative Assistants,459910,76590.0,-13400.0,-17.495756626191408
43-6012,35.82954335110582,1.6653119464719994,Legal Secretaries and Administrative Assistants,156280,55570.0,7620.0,13.712434766960591
43-6013,33.91692123592457,1.714947131007542,Medical Secretaries and Administrative Assistants,961610,45930.0,17260.0,37.57892445025038
43-6014,32.94756541651249,1.740103252854727,"Secretaries and Administrative Assistants, Except Legal, Medical, and Executive",1706790,47540.0,15650.0,32.919646613378205
43-9021,40.50505619111864,1.5439759330638614,Data Entry Keyers,127080,41340.0,21850.0,52.85437832607644
43-9022,30.92052092564955,1.7927078560155565,Word Processors and Typists,35010,49280.0,13910.0,28.226461038961038
43-9031,51.75825054504298,1.2519400029457857,Desktop Publishers,3350,55290.0,7900.0,14.288298064749503
43-9041,30.272419967178998,1.8095269706833272,Insurance Claims and Policy Processing Clerks,214260,49230.0,13960.0,28.35669307332927
43-9051,32.94230042354507,1.7402398866913023,"Mail Clerks and Mail Machine Operators, Except Postal Service",55230,39280.0,23910.0,60.87067209775967
43-9061,35.213428554494406,1.6813009760780844,"Office Clerks, General",2464940,45010.0,18180.0,40.391024216840705
43-9071,46.896121002602385,1.3781189774327982,"Office Machine Operators, Except Computer",25130,40960.0,22230.0,54.2724609375
43-9081,11.37511296436342,2.2999381778237717,Proofreaders and Copy Markers,4580,51120.0,12070.0,23.61111111111111
43-9111,38.36712642516091,1.5994581622062785,Statistical Assistants,4710,50330.0,12860.0,25.551361017285913
45-1011,71.50374569334083,0.7395171423858246,"First-Line Supervisors of Farming, Fishing, and Forestry Workers",27960,59320.0,3870.0,6.523937963587323
45-2011,58.096017351498986,1.0874662041306615,Agricultural Inspectors,14410,49940.0,13250.0,26.531838205847016
45-2021,40.645132413326394,1.5403407617024423,Animal Breeders,1330,51130.0,12060.0,23.586935263054958
45-2041,19.54275280751423,2.087976647306689,"Graders and Sorters, Agricultural Products",25180,35730.0,27460.0,76.85418415897006
45-2091,43.798181993786415,1.4585147718565514,Agricultural Equipment Operators,28500,41730.0,21460.0,51.42583273424395
45-2092,54.35282398704581,1.1846072399485204,"Farmworkers and Laborers, Crop, Nursery, and Greenhouse",265500,35660.0,27530.0,77.20134604598991
45-2093,60.001626403023664,1.038013018279538,"Farmworkers, Farm, Ranch, and Aquacultural Animals",32810,36670.0,26520.0,72.32069811835288
45-4011,58.60921265399942,1.0741480774917416,Forest and Conservation Workers,6050,43680.0,19510.0,44.66575091575091
45-4021,34.67155928812671,1.695363231667841,Fallers,3130,52100.0,11090.0,21.28598848368522
45-4022,54.69323425956594,1.1757731233918738,Logging Equipment Operators,21060,49740.0,13450.0,27.040611178126255
45-4023,60.89396920152292,1.0148554906524585,Log Graders and Scalers,3070,46330.0,16860.0,36.391107273904595
47-1011,76.66881046764767,0.6054765803867526,First-Line Supervisors of Construction Trades and Extraction Workers,812210,79920.0,-16730.0,-20.933433433433432
47-2011,66.21911312736887,0.8766606536589325,Boilermakers,10190,76410.0,-13220.0,-17.3014003402696
47-2021,62.268997798786884,0.9791716001311064,Brickmasons and Blockmasons,52550,62120.0,1070.0,1.7224726336123632
47-2022,65.49299118757045,0.8955045205112119,Stonemasons,7820,57390.0,5800.0,10.10629029447639
47-2031,76.72453670171397,0.604030407674748,Carpenters,670090,60580.0,2610.0,4.308352591614394
47-2041,56.36428686254611,1.1324070012189849,Carpet Installers,13780,50340.0,12850.0,25.526420341676598
47-2042,49.602034589691534,1.3078967839496525,"Floor Layers, Except Carpet, Wood, and Hard Tiles",23640,56460.0,6730.0,11.919943322706342
47-2043,52.060011295125555,1.2441088948575512,Floor Sanders and Finishers,3720,50440.0,12750.0,25.27755749405234
47-2044,60.32349321280651,1.029660130182809,Tile and Stone Setters,35850,55690.0,7500.0,13.46740887053331
47-2051,54.12172157009076,1.190604666738227,Cement Masons and Concrete Finishers,206170,57020.0,6170.0,10.820764643984567
47-2053,52.947927882526734,1.2210662335194802,Terrazzo Workers and Finishers,1180,76170.0,-12980.0,-17.040829722988054
47-2061,56.26332945679133,1.1350269852843649,Construction Laborers,1096780,47120.0,16070.0,34.1044142614601
47-2071,54.28941949931306,1.1862526739440893,"Paving, Surfacing, and Tamping Equipment Operators",41820,53340.0,9850.0,18.466441694788152
47-2072,51.87943589442343,1.2487950758157695,Pile Driver Operators,2310,73300.0,-10110.0,-13.792633015006821
47-2073,63.71167543482339,0.9417321236544968,Operating Engineers and Other Construction Equipment Operators,478090,59850.0,3340.0,5.58061821219716
47-2081,50.78602211362113,1.2771706730406733,Drywall and Ceiling Tile Installers,83080,58930.0,4260.0,7.228915662650603
47-2082,33.72140546490788,1.720021035202727,Tapers,12840,68270.0,-5080.0,-7.441042917826278
47-2111,100.0,0.0,Electricians,757220,63190.0,0.0,0.0
47-2121,62.10376613302615,0.9834595899833893,Glaziers,58480,57080.0,6110.0,10.70427470217239
47-2131,48.42500935362123,1.3384422138762553,"Insulation Workers, Floor, Ceiling, and Wall",44440,49120.0,14070.0,28.64413680781759
47-2132,54.71010226512172,1.175335375359023,"Insulation Workers, Mechanical",25660,58340.0,4850.0,8.313335618786425
47-2141,50.441074941493426,1.286122528405971,"Painters, Construction and Maintenance",225190,49400.0,13790.0,27.91497975708502
47-2142,40.409312623757586,1.5464606108244794,Paperhangers,1570,52140.0,11050.0,21.192942079018028
47-2151,60.09411711057593,1.0356127567219933,Pipelayers,33050,49000.0,14190.0,28.959183673469386
47-2152,77.13373567503804,0.5934111293596639,"Plumbers, Pipefitters, and Steamfitters",465840,63800.0,-610.0,-0.9561128526645768
47-2161,55.830297717777775,1.1462647567736106,Plasterers and Stucco Masons,19310,57660.0,5530.0,9.590704127644814
47-2171,49.17470558249568,1.3189865616747973,Reinforcing Iron and Rebar Workers,13800,58970.0,4220.0,7.156181109038494
47-2181,61.80942913306,0.9910980415065608,Roofers,135490,55440.0,7750.0,13.979076479076479
47-2211,71.28436061087196,0.7452104881681703,Sheet Metal Workers,119770,61800.0,1390.0,2.249190938511327
47-2221,62.817227044038205,0.9649442943084654,Structural Iron and Steel Workers,68380,62780.0,410.0,0.6530742274609749
47-2231,75.59301944068815,0.633394842818721,Solar Photovoltaic Installers,31350,53140.0,10050.0,18.91230711328566
47-3011,48.3921302596809,1.3392954717582677,"Helpers--Brickmasons, Blockmasons, Stonemasons, and Tile and Marble Setters",14170,47550.0,15640.0,32.89169295478444
47-3012,51.802548953017066,1.2507903980986117,Helpers--Carpenters,21680,43780.0,19410.0,44.33531292827775
47-3013,67.88586164618728,0.8334062284124408,Helpers--Electricians,63630,42670.0,20520.0,48.089992969299274
47-3014,31.33124255844475,1.782049062584949,"Helpers--Painters, Paperhangers, Plasterers, and Stucco Masons",7490,40470.0,22720.0,56.14035087719298
47-3015,46.33380224612627,1.392711925524295,"Helpers--Pipelayers, Plumbers, Pipefitters, and Steamfitters",44330,42360.0,20830.0,49.17374881964117
47-3016,52.87763005318398,1.2228905592470667,Helpers--Roofers,6030,44160.0,19030.0,43.093297101449274
47-4011,66.36748032269233,0.8728103200982946,Construction and Building Inspectors,146720,74690.0,-11500.0,-15.396974159860758
47-4021,73.18299636443669,0.6959382690267361,Elevator and Escalator Installers and Repairers,23790,109910.0,-46720.0,-42.50750614138841
47-4031,52.69997675779368,1.2275009075380614,Fence Erectors,24480,47980.0,15210.0,31.700708628595248
47-4041,70.12186607804361,0.7753788262839441,Hazardous Materials Removal Workers,51710,49450.0,13740.0,27.785642062689586
47-4051,60.94856509629428,1.0134386518057517,Highway Maintenance Workers,154960,50260.0,12930.0,25.72622363708715
47-4061,60.46753847470703,1.0259219567615399,Rail-Track Laying and Maintenance Equipment Operators,19580,70070.0,-6880.0,-9.818752675895533
47-4071,53.09833395129133,1.2171629883780903,Septic Tank Servicers and Sewer Pipe Cleaners,30650,49880.0,13310.0,26.684041700080193
47-5011,60.51108367717287,1.0247918986372118,"Derrick Operators, Oil and Gas",10590,58620.0,4570.0,7.7959740702831795
47-5012,70.25705943745665,0.7718703719535337,"Rotary Drill Operators, Oil and Gas",12600,67890.0,-4700.0,-6.922963617616733
47-5013,76.29237173348567,0.6152456852654161,"Service Unit Operators, Oil and Gas",43140,58160.0,5030.0,8.648555708390646
47-5022,67.7409540957862,0.8371667794108122,"Excavating and Loading Machine and Dragline Operators, Surface Mining",34480,57430.0,5760.0,10.029601253700157
47-5023,64.23570063169738,0.9281329463043749,"Earth Drillers, Except Oil and Gas",19450,60190.0,3000.0,4.984216647283602
47-5032,78.83819144329546,0.5491781489300146,"Explosives Workers, Ordnance Handling Experts, and Blasters",5100,61390.0,1800.0,2.9320736276266492
47-5041,61.481167731268485,0.9996168780945577,Continuous Mining Machine Operators,14000,61810.0,1380.0,2.2326484387639542
47-5043,59.103562673273416,1.0613190119711393,"Roof Bolters, Mining",2160,78540.0,-15350.0,-19.54418130888719
47-5044,47.43030881943291,1.3642560660638638,"Loading and Moving Machine Operators, Underground Mining",5930,74500.0,-11310.0,-15.181208053691275
47-5051,42.8988958343497,1.4818524892862541,"Rock Splitters, Quarry",3320,48740.0,14450.0,29.647107098892082
47-5071,55.078841153753544,1.1657660921025983,"Roustabouts, Oil and Gas",44970,46960.0,16230.0,34.56132879045997
47-5081,63.020486518483956,0.959669430318013,Helpers--Extraction Workers,6700,47730.0,15460.0,32.39053006494867
49-1011,79.25936835472956,0.5382480265837298,"First-Line Supervisors of Mechanics, Installers, and Repairers",617500,79860.0,-16670.0,-20.874029551715502
49-2011,57.00356206915613,1.1158169269971996,"Computer, Automated Teller, and Office Machine Repairers",65600,47810.0,15380.0,32.1690023007739
49-2021,80.31770884464116,0.510782629681101,"Radio, Cellular, and Tower Equipment Installers and Repairers",11140,63520.0,-330.0,-0.5195214105793451
49-2022,73.72059462992864,0.6819868518064289,"Telecommunications Equipment Installers and Repairers, Except Line Installers",140920,63890.0,-700.0,-1.09563311942401
49-2091,77.41132809419922,0.5862072228266543,Avionics Technicians,18830,82280.0,-19090.0,-23.201263976665047
49-2092,77.06589635646668,0.5951716533384092,"Electric Motor, Power Tool, and Related Repairers",14450,56210.0,6980.0,12.417719267034336
49-2093,73.239160268382,0.6944807381771059,"Electrical and Electronics Installers and Repairers, Transportation Equipment",6940,84890.0,-21700.0,-25.562492637530923
49-2094,77.99412184899246,0.5710829202601835,"Electrical and Electronics Repairers, Commercial and Industrial Equipment",65010,74090.0,-10900.0,-14.711836955054663
49-2095,70.7987150499421,0.7578136609770008,"Electrical and Electronics Repairers, Powerhouse, Substation, and Relay",20720,103020.0,-39830.0,-38.66239565132984
49-2096,72.59581669007314,0.7111763922614412,"Electronic Equipment Installers and Repairers, Motor Vehicles",8550,48420.0,14770.0,30.50392399834779
49-2097,73.20314449794985,0.6954153971447083,Audiovisual Equipment Installers and Repairers,19780,52600.0,10590.0,20.133079847908746
49-2098,67.62685695558557,0.8401277577263323,Security and Fire Alarm Systems Installers,86340,60070.0,3120.0,5.193940402863326
49-3011,82.53716962373315,0.4531845581827017,Aircraft Mechanics and Service Technicians,138090,79870.0,-16680.0,-20.883936396644547
49-3021,66.75194492039647,0.8628329329798676,Automotive Body and Related Repairers,149310,54890.0,8300.0,15.121151393696485
49-3022,46.83822455273871,1.379621470241036,Automotive Glass Installers and Repairers,20310,47630.0,15560.0,32.66848624816292
49-3023,68.06226606303353,0.8288282902439187,Automotive Service Technicians and Mechanics,704640,50620.0,12570.0,24.832082180956142
49-3031,65.73084587873636,0.8893318628832592,Bus and Truck Mechanics and Diesel Engine Specialists,289960,61770.0,1420.0,2.2988505747126435
49-3041,71.05795826482573,0.7510859416286777,Farm Equipment Mechanics and Service Technicians,37870,56550.0,6640.0,11.74182139699381
49-3042,77.53480592205189,0.5830028027151917,"Mobile Heavy Equipment Mechanics, Except Engines",176600,65510.0,-2320.0,-3.5414440543428483
49-3043,65.94944010270676,0.8836590409708419,Rail Car Repairers,21350,67530.0,-4340.0,-6.426773285946987
49-3051,60.960153585338595,1.0131379145154962,Motorboat Mechanics and Service Technicians,23220,57550.0,5640.0,9.800173761946134
49-3052,67.69656885866544,0.838318637594222,Motorcycle Mechanics,13510,48580.0,14610.0,30.074104569781802
49-3053,57.58022687526167,1.1008516791110592,Outdoor Power Equipment and Other Small Engine Mechanics,36060,47880.0,15310.0,31.97577276524645
49-3091,59.85582513721145,1.0417967624267288,Bicycle Repairers,12170,42780.0,20410.0,47.709209911173446
49-3092,65.3433466374167,0.8993880031932656,Recreational Vehicle Service Technicians,17430,52000.0,11190.0,21.51923076923077
49-3093,49.47830760315281,1.3111076700730175,Tire Repairers and Changers,108410,37710.0,25480.0,67.56828427472819
49-9011,64.22898998341552,0.928307096892293,Mechanical Door Repairers,27120,55720.0,7470.0,13.406317300789663
49-9012,72.20680302823592,0.721271833874751,"Control and Valve Installers and Repairers, Except Mechanical Door",48240,74340.0,-11150.0,-14.998654829163304
49-9021,77.03657268286459,0.5959326431538811,"Heating, Air Conditioning, and Refrigeration Mechanics and Installers",409670,61010.0,2180.0,3.573184723815768
49-9031,63.43869767562653,0.9488162733902383,Home Appliance Repairers,32150,50990.0,12200.0,23.92626005099039
49-9041,69.80057698215364,0.7837167219075364,Industrial Machinery Mechanics,439640,64520.0,-1330.0,-2.061376317420955
49-9043,64.70350176336274,0.9159928610717285,"Maintenance Workers, Machinery",60020,60850.0,2340.0,3.845521774856204
49-9044,83.544183891154,0.4270511476168501,Millwrights,40330,65700.0,-2510.0,-3.8203957382039575
49-9045,52.76011249514628,1.2259403021278312,"Refractory Materials Repairers, Except Brickmasons",1080,61290.0,1900.0,3.100016315875347
49-9051,70.24887485201572,0.7720827732457088,Electrical Power-Line Installers and Repairers,131070,95320.0,-32130.0,-33.70751154007554
49-9052,65.2141810732996,0.9027400279135184,Telecommunications Line Installers and Repairers,97720,74330.0,-11140.0,-14.987219157809767
49-9061,50.765797584544224,1.277695527493055,Camera and Photographic Equipment Repairers,1650,52720.0,10470.0,19.859635811836114
49-9062,70.23334606634599,0.7724857666735336,Medical Equipment Repairers,65990,61660.0,1530.0,2.4813493350632503
49-9063,59.70325097402763,1.04575627261166,Musical Instrument Repairers and Tuners,5380,46420.0,16770.0,36.12666953899181
49-9064,46.44502283737886,1.389825597625461,Watch and Clock Repairers,1310,67230.0,-4040.0,-6.009222073479101
49-9071,76.13980769039217,0.6192049328200314,"Maintenance and Repair Workers, General",1529700,49590.0,13600.0,27.424884049203467
49-9081,77.28329270624201,0.589529917915189,Wind Turbine Service Technicians,9980,64120.0,-930.0,-1.4504054897067997
49-9091,46.169810370545314,1.396967741109706,"Coin, Vending, and Amusement Machine Servicers and Repairers",26410,47450.0,15740.0,33.171759747102215
49-9092,80.0327115695431,0.5181787024491283,Commercial Divers,3450,72990.0,-9800.0,-13.426496780380875
49-9094,69.9091519713535,0.7808990510346003,Locksmiths and Safe Repairers,15040,51320.0,11870.0,23.12938425565082
49-9095,85.61187281699887,0.3733917652528222,Manufactured Building and Mobile Home Installers,3020,45990.0,17200.0,37.39943465970863
49-9096,62.236340362147914,0.9800191057001192,Riggers,22530,62640.0,550.0,0.8780332056194126
49-9097,68.23841138540048,0.8242570759348508,Signal and Track Switch Repairers,8720,92460.0,-29270.0,-31.656932727666018
49-9098,57.17278021668935,1.1114254824390164,"Helpers--Installation, Maintenance, and Repair Workers",95580,39630.0,23560.0,59.449911683068386
49-9099,80.42461724005537,0.5080082092178719,"Installation, Maintenance, and Repair Workers, All Other",176300,49230.0,13960.0,28.35669307332927
51-1011,68.56737592675417,0.8157199919044318,First-Line Supervisors of Production and Operating Workers,673430,74450.0,-11260.0,-15.124244459368704
51-2011,74.14173667551383,0.6710576342770602,"Aircraft Structure, Surfaces, Rigging, and Systems Assemblers",34020,65380.0,-2190.0,-3.3496482104619147
51-2021,44.35516686596347,1.4440602454268006,"Coil Winders, Tapers, and Finishers",12840,48220.0,14970.0,31.045209456656988
51-2031,56.26069211679927,1.1350954278983814,Engine and Other Machine Assemblers,34000,53710.0,9480.0,17.650344442375722
51-2041,50.55456508812624,1.2831773024115765,Structural Metal Fabricators and Fitters,52360,51330.0,11860.0,23.105396454315215
51-2051,57.9905556769617,1.0902030801897307,Fiberglass Laminators and Fabricators,16170,46880.0,16310.0,34.79095563139932
51-2061,44.59870688508034,1.4377400456891174,Timing Device Assemblers and Adjusters,250,62620.0,570.0,0.9102523155541361
51-3011,40.66380589201659,1.5398561591490412,Bakers,236200,37160.0,26030.0,70.04843918191604
51-3021,51.726628764034864,1.252760631821308,Butchers and Meat Cutters,136430,40140.0,23050.0,57.42401594419532
51-3022,47.60592253285504,1.3596986477408757,"Meat, Poultry, and Fish Cutters and Trimmers",145700,38300.0,24890.0,64.9869451697128
51-3023,21.506045087416826,2.0370265020392657,Slaughterers and Meat Packers,69950,40130.0,23060.0,57.463244455519565
51-3091,56.00769292420979,1.1416611062474116,"Food and Tobacco Roasting, Baking, and Drying Machine Operators and Tenders",20370,44810.0,18380.0,41.017629993305064
51-3092,46.13232132858369,1.3979406335075593,Food Batchmakers,174520,42290.0,20900.0,49.42066682430835
51-3093,42.84128026975345,1.4833476927340004,Food Cooking Machine Operators and Tenders,31250,41590.0,21600.0,51.93556143303679
51-4021,57.45514414460817,1.1040977486659997,"Extruding and Drawing Machine Setters, Operators, and Tenders, Metal and Plastic",60840,47720.0,15470.0,32.41827326068734
51-4022,53.49515580448452,1.2068649134187752,"Forging Machine Setters, Operators, and Tenders, Metal and Plastic",8930,49030.0,14160.0,28.880277381195185
51-4023,65.62771690163578,0.8920082022232257,"Rolling Machine Setters, Operators, and Tenders, Metal and Plastic",25250,50140.0,13050.0,26.027124052652574
51-4031,44.250550549844824,1.4467751832677682,"Cutting, Punching, and Press Machine Setters, Operators, and Tenders, Metal and Plastic",171200,46330.0,16860.0,36.391107273904595
51-4032,53.657217278505264,1.2026591944190452,"Drilling and Boring Machine Tool Setters, Operators, and Tenders, Metal and Plastic",4680,49080.0,14110.0,28.748981255093724
51-4033,57.390076173923596,1.1057863523408433,"Grinding, Lapping, Polishing, and Buffing Machine Tool Setters, Operators, and Tenders, Metal and Plastic",67000,46550.0,16640.0,35.74650912996778
51-4034,59.38788986564468,1.0539403287750164,"Lathe and Turning Machine Tool Setters, Operators, and Tenders, Metal and Plastic",16710,50620.0,12570.0,24.832082180956142
51-4035,55.34662281296383,1.1588167883354625,"Milling and Planing Machine Setters, Operators, and Tenders, Metal and Plastic",12460,52800.0,10390.0,19.678030303030305
51-4041,65.23295217303041,0.9022528919593337,Machinists,287050,58750.0,4440.0,7.5574468085106385
51-4051,56.10996033462038,1.139007125752566,Metal-Refining Furnace Operators and Tenders,16780,54430.0,8760.0,16.0940657725519
51-4052,48.762429744764,1.3296856888693074,"Pourers and Casters, Metal",4560,51810.0,11380.0,21.964871646400308
51-4061,52.05856314307915,1.244146476402535,"Model Makers, Metal and Plastic",2610,63340.0,-150.0,-0.2368171771392485
51-4062,55.35433951441027,1.1586165292789246,"Patternmakers, Metal and Plastic",1470,58000.0,5190.0,8.948275862068966
51-4071,38.64651066672753,1.5922077554079823,Foundry Mold and Coremakers,12790,48110.0,15080.0,31.34483475368946
51-4072,50.56928270826522,1.2827953598492041,"Molding, Coremaking, and Casting Machine Setters, Operators, and Tenders, Metal and Plastic",150470,44350.0,18840.0,42.48027057497182
51-4081,69.74670718667628,0.7851147174750808,"Multiple Machine Tool Setters, Operators, and Tenders, Metal and Plastic",124590,47180.0,16010.0,33.93387028401865
51-4111,59.432212637808966,1.0527900916434685,Tool and Die Makers,56930,64050.0,-860.0,-1.3427010148321623
51-4121,38.40314461657579,1.5985234404108313,"Welders, Cutters, Solderers, and Brazers",416210,53750.0,9440.0,17.56279069767442
51-4122,53.7144894081521,1.2011729035823973,"Welding, Soldering, and Brazing Machine Setters, Operators, and Tenders",31600,47920.0,15270.0,31.86560934891486
51-4191,55.034735918745994,1.166910683844588,"Heat Treating Equipment Setters, Operators, and Tenders, Metal and Plastic",14000,48750.0,14440.0,29.620512820512822
51-4192,67.29391146933466,0.8487681527730941,"Layout Workers, Metal and Plastic",5970,63870.0,-680.0,-1.0646625958979177
51-4193,54.34321900997408,1.1848565023645674,"Plating Machine Setters, Operators, and Tenders, Metal and Plastic",32410,43960.0,19230.0,43.744313011828936
51-4194,53.790244310023915,1.1992069592884178,"Tool Grinders, Filers, and Sharpeners",5600,50060.0,13130.0,26.22852576907711
51-5111,54.48647895409433,1.1811387090239385,Prepress Technicians and Workers,23840,48690.0,14500.0,29.78024234955843
51-5112,65.44314792626,0.8967980219579224,Printing Press Operators,144260,45780.0,17410.0,38.02970729576234
51-5113,60.81579570698361,1.0168842007653704,Print Binding and Finishing Workers,33180,42290.0,20900.0,49.42066682430835
51-6011,34.100910302764156,1.7101723607000052,Laundry and Dry-Cleaning Workers,198040,34890.0,28300.0,81.11206649469761
51-6021,23.486193917786647,1.9856389060143549,"Pressers, Textile, Garment, and Related Materials",26120,35060.0,28130.0,80.23388476896749
51-6031,33.17761949542128,1.7341330318847,Sewing Machine Operators,104880,36670.0,26520.0,72.32069811835288
51-6041,38.38546565717412,1.5989822338156199,Shoe and Leather Workers and Repairers,7450,37800.0,25390.0,67.16931216931216
51-6042,39.718018773354245,1.5644006406718303,Shoe Machine Operators and Tenders,3280,35650.0,27540.0,77.25105189340813
51-6051,27.343451033571796,1.8855377583682158,"Sewers, Hand",2190,36480.0,26710.0,73.21820175438596
51-6052,39.69887803427392,1.5648973692774748,"Tailors, Dressmakers, and Custom Sewers",13920,41640.0,21550.0,51.75312199807877
51-6061,48.176971108455966,1.3448791487903344,Textile Bleaching and Dyeing Machine Operators and Tenders,5310,38180.0,25010.0,65.50550026191723
51-6062,50.20933841937667,1.2921364111000964,"Textile Cutting Machine Setters, Operators, and Tenders",9000,38760.0,24430.0,63.02889576883385
51-6063,41.20559822838877,1.5257958999988808,"Textile Knitting and Weaving Machine Setters, Operators, and Tenders",13030,39530.0,23660.0,59.85327599291677
51-6064,45.837862850496315,1.4055822375556946,"Textile Winding, Twisting, and Drawing Out Machine Setters, Operators, and Tenders",22020,38670.0,24520.0,63.408326868373415
51-6091,55.29791690364867,1.160080773927619,"Extruding and Forming Machine Setters, Operators, and Tenders, Synthetic and Glass Fibers",12850,46350.0,16840.0,36.33225458468177
51-6092,58.10277343629623,1.0872908744024379,Fabric and Apparel Patternmakers,2950,62750.0,440.0,0.701195219123506
51-6093,61.34004174882467,1.0032792921834455,Upholsterers,20140,46340.0,16850.0,36.361674579197235
51-7011,57.84403289000588,1.0940055488067602,Cabinetmakers and Bench Carpenters,77170,46680.0,16510.0,35.36846615252785
51-7021,57.81013275722111,1.0948853040564752,Furniture Finishers,14480,44540.0,18650.0,41.8724741805119
51-7031,55.44467510899822,1.1562721958782436,"Model Makers, Wood",280,56550.0,6640.0,11.74182139699381
51-7032,58.768719471672746,1.070008655351293,"Patternmakers, Wood",220,49630.0,13560.0,27.322184162804756
51-7041,42.08870628695941,1.5028780266228199,"Sawing Machine Setters, Operators, and Tenders, Wood",40850,42770.0,20420.0,47.743745616086045
51-7042,44.01485440599273,1.452891823612746,"Woodworking Machine Setters, Operators, and Tenders, Except Sawing",61420,43380.0,19810.0,45.66620562471185
51-8011,58.86865880719468,1.0674150916140464,Nuclear Power Reactor Operators,5150,122890.0,-59700.0,-48.58003092196273
51-8012,56.090855855126456,1.1395029133718817,Power Distributors and Dispatchers,8520,106730.0,-43540.0,-40.794528248852245
51-8013,74.3365105621034,0.6660029830070355,Power Plant Operators,29320,102040.0,-38850.0,-38.07330458643669
51-8021,73.50329602458683,0.6876260506266487,Stationary Engineers and Boiler Operators,28250,78620.0,-15430.0,-19.626049351310098
51-8031,71.29091161817267,0.7450404804841204,Water and Wastewater Treatment Plant and System Operators,128490,60020.0,3170.0,5.281572809063645
51-8091,53.613534699420015,1.2037928176563146,Chemical Plant and System Operators,16610,78120.0,-14930.0,-19.111623143881207
51-8092,67.6929885880345,0.8384115505601674,Gas Plant Operators,18030,87820.0,-24630.0,-28.046003188339785
51-8093,62.217194102927294,0.9805159775610255,"Petroleum Pump System Operators, Refinery Operators, and Gaugers",33160,96710.0,-33520.0,-34.66032468203909
51-8099,70.66276569769163,0.7613417343652983,"Plant and System Operators, All Other",14080,62470.0,720.0,1.1525532255482631
51-9011,66.56196151828526,0.8677632645637343,Chemical Equipment Operators and Tenders,139630,58040.0,5150.0,8.873190902825637
51-9012,59.80606595656444,1.043088081864138,"Separating, Filtering, Clarifying, Precipitating, and Still Machine Setters, Operators, and Tenders",60100,51610.0,11580.0,22.43751211005619
51-9021,55.901469547471926,1.1444177495302237,"Crushing, Grinding, and Polishing Machine Setters, Operators, and Tenders",26000,48540.0,14650.0,30.181293778327152
51-9022,57.62584436350671,1.0996678423096764,"Grinding and Polishing Workers, Hand",10510,42660.0,20530.0,48.12470698546648
51-9023,55.378936176816886,1.1579782119302857,"Mixing and Blending Machine Setters, Operators, and Tenders",94920,48990.0,14200.0,28.985507246376812
51-9031,35.85599367967782,1.6646255239271193,"Cutters and Trimmers, Hand",6060,38020.0,25170.0,66.20199894792215
51-9032,55.14160265846107,1.1641373444042633,"Cutting and Slicing Machine Setters, Operators, and Tenders",44980,46570.0,16620.0,35.688211294824995
51-9041,55.53182751683886,1.1540104705684966,"Extruding, Forming, Pressing, and Compacting Machine Setters, Operators, and Tenders",58770,45760.0,17430.0,38.09003496503497
51-9051,49.54558500356602,1.309361728646284,"Furnace, Kiln, Oven, Drier, and Kettle Operators and Tenders",14280,48040.0,15150.0,31.53621981681932
51-9061,57.8357182292742,1.094221325732318,"Inspectors, Testers, Sorters, Samplers, and Weighers",597370,48570.0,14620.0,30.100885320156475
51-9071,51.65323807481953,1.2546652215327203,Jewelers and Precious Stone and Metal Workers,22440,52540.0,10650.0,20.27027027027027
51-9081,60.95948777012661,1.0131551933394995,Dental Laboratory Technicians,34410,49610.0,13580.0,27.373513404555535
51-9082,72.44710705531541,0.7150356125981847,Medical Appliance Technicians,11280,48030.0,15160.0,31.563606079533624
51-9083,50.83568985193494,1.27588172665806,Ophthalmic Laboratory Technicians,18660,39460.0,23730.0,60.13684744044602
51-9111,52.75961950903232,1.225953095798126,Packaging and Filling Machine Operators and Tenders,379060,43220.0,19970.0,46.205460434983806
51-9123,33.91199620355875,1.7150749423971419,"Painting, Coating, and Decorating Workers",7940,41600.0,21590.0,51.89903846153846
51-9124,53.8879768225746,1.1966706656541073,"Coating, Painting, and Spraying Machine Setters, Operators, and Tenders",158740,48250.0,14940.0,30.963730569948186
51-9141,57.26945141478221,1.1089167313801818,Semiconductor Processing Technicians,31460,51430.0,11760.0,22.866031499125025
51-9151,56.07242055620452,1.1399813348314558,Photographic Process Workers and Processing Machine Operators,4800,40610.0,22580.0,55.60206845604531
51-9161,65.12503479183309,0.9050534969966825,Computer Numerically Controlled Tool Operators,169450,50690.0,12500.0,24.659696192542906
51-9162,63.786095647231875,0.9398008163948193,Computer Numerically Controlled Tool Programmers,28500,68120.0,-4930.0,-7.237228420434527
51-9191,51.25291451852452,1.2650541705221263,Adhesive Bonding Machine Operators and Tenders,11500,46460.0,16730.0,36.00947051226862
51-9192,41.393903988389425,1.5209091055440065,"Cleaning, Washing, and Metal Pickling Equipment Operators and Tenders",14760,43530.0,19660.0,45.16425453710085
51-9193,63.424761543927424,0.9491779352486402,Cooling and Freezing Equipment Operators and Tenders,6900,41330.0,21860.0,52.891362206629566
51-9194,52.715704232516345,1.2270927578549944,Etchers and Engravers,7750,43310.0,19880.0,45.90163934426229
51-9195,51.68030118880505,1.2539628963603218,"Molders, Shapers, and Casters, Except Metal and Plastic",33190,46170.0,17020.0,36.86376434914447
51-9196,52.173459116229594,1.2411647672690649,"Paper Goods Machine Setters, Operators, and Tenders",96130,50270.0,12920.0,25.701213447384127
51-9197,42.2018856280442,1.499940866461508,Tire Builders,20770,57390.0,5800.0,10.10629029447639
51-9198,40.13169032040407,1.5536652928935395,Helpers--Production Workers,165700,39070.0,24120.0,61.73534681341182
53-1041,67.2135829277749,0.8508527893315354,Aircraft Cargo Handling Supervisors,9760,58170.0,5020.0,8.629877943957366
53-2011,59.274782028938446,1.056875633298983,"Airline Pilots, Copilots, and Flight Engineers",103560,232140.0,-168950.0,-72.77935728439735
53-2012,69.28837483728216,0.7970090747347897,Commercial Pilots,47630,123220.0,-60030.0,-48.71774062652167
53-2021,51.478635767438476,1.2591963924725527,Air Traffic Controllers,22510,148080.0,-84890.0,-57.327120475418695
53-2022,61.868808895699914,0.9895570546838557,Airfield Operations Specialists,15190,56850.0,6340.0,11.152154793315743
53-2031,49.822934569516995,1.3021641244893725,Flight Attendants,131650,63580.0,-390.0,-0.6134004403900598
53-3011,55.81279307655605,1.146719026380959,"Ambulance Drivers and Attendants, Except Emergency Medical Technicians",12630,35450.0,27740.0,78.25105782792666
53-3031,40.848268315150214,1.5350691045921387,Driver/Sales Workers,409180,38770.0,24420.0,62.98684549909724
53-3032,51.07940942163018,1.2695568673349733,Heavy and Tractor-Trailer Truck Drivers,2062040,58640.0,4550.0,7.759208731241474
53-3033,49.28006367444478,1.316252373726902,Light Truck Drivers,983300,44860.0,18330.0,40.86045474810522
53-3051,45.82764764095315,1.4058473363468877,"Bus Drivers, School",402930,47920.0,15270.0,31.86560934891486
53-3052,39.43348455686072,1.571784696429752,"Bus Drivers, Transit and Intercity",159240,59050.0,4140.0,7.0110076206604575
53-3053,53.01684805009571,1.2192776600169812,Shuttle Drivers and Chauffeurs,248530,37290.0,25900.0,69.4556181281845
53-4011,59.59801678086225,1.0484872452150578,Locomotive Engineers,33470,81410.0,-18220.0,-22.380542930843877
53-4013,68.35180502395487,0.8213143544583346,"Rail Yard Engineers, Dinkey Operators, and Hostlers",3920,60600.0,2590.0,4.273927392739274
53-4022,54.44631662133806,1.1821809770087706,"Railroad Brake, Signal, and Switch Operators and Locomotive Firers",12400,68840.0,-5650.0,-8.207437536316096
53-4031,57.24512951495697,1.109547918260485,Railroad Conductors and Yardmasters,46440,78000.0,-14810.0,-18.987179487179485
53-4041,49.406358774241,1.3129748415188602,Subway and Streetcar Operators,10200,86380.0,-23190.0,-26.8464922435749
53-5011,65.48630419328457,0.8956780572452766,Sailors and Marine Oilers,31670,51520.0,11670.0,22.65139751552795
53-5021,75.92348853692462,0.6248187135118417,"Captains, Mates, and Pilots of Water Vessels",36850,92460.0,-29270.0,-31.656932727666018
53-5022,63.26169739970492,0.9534096749244345,Motorboat Operators,2480,47520.0,15670.0,32.975589225589225
53-5031,82.37579801068294,0.457372374337795,Ship Engineers,8400,109530.0,-46340.0,-42.30804345841322
53-6011,46.1760319097571,1.3968062835774413,Bridge and Lock Tenders,3040,57700.0,5490.0,9.51473136915078
53-6021,32.821737967754636,1.7433686488726647,Parking Attendants,137880,35150.0,28040.0,79.7724039829303
53-6031,53.025603865280566,1.2190504345242874,Automotive and Watercraft Service Attendants,102010,35670.0,27520.0,77.15166806840482
53-6041,58.90967872070163,1.0663505682247216,Traffic Technicians,7860,59090.0,4100.0,6.938568285665934
53-6051,64.83413613527173,0.9126027187613779,Transportation Inspectors,24500,92100.0,-28910.0,-31.389793702497286
53-6061,31.176739433425983,1.7860586319927028,Passenger Attendants,27110,37720.0,25470.0,67.5238600212089
53-7011,56.72679103291094,1.1229995175095033,Conveyor Operators and Tenders,22930,42420.0,20770.0,48.962753418198965
53-7021,61.470721351860355,0.9998879760629095,Crane and Tower Operators,42890,68080.0,-4890.0,-7.182726204465335
53-7031,42.377332477194386,1.4953877784967564,Dredge Operators,1040,49640.0,13550.0,27.296535052377116
53-7041,53.004580809895586,1.2195960118368427,Hoist and Winch Operators,2600,56450.0,6740.0,11.939769707705935
53-7051,51.72357865062567,1.2528397864753917,Industrial Truck and Tractor Operators,774420,46420.0,16770.0,36.12666953899181
53-7061,34.38773727025365,1.7027288048882698,Cleaners of Vehicles and Equipment,380430,35830.0,27360.0,76.36059168294724
53-7062,43.8755342491806,1.4565073740332928,"Laborers and Freight, Stock, and Material Movers, Hand",2950280,40240.0,22950.0,57.03280318091451
53-7063,38.3696148774527,1.5993935834336446,Machine Feeders and Offbearers,42330,41220.0,21970.0,53.299369238233865
53-7064,30.841262910923106,1.7947647109246587,"Packers and Packagers, Hand",559820,36280.0,26910.0,74.17309812568908
53-7065,42.01129439057784,1.5048869722120437,Stockers and Order Fillers,2833810,37330.0,25860.0,69.2740423252076
53-7071,61.24904986226345,1.0056406572669372,Gas Compressor and Gas Pumping Station Operators,3510,77320.0,-14130.0,-18.274702534919815
53-7072,65.6388588330015,0.8917190537212654,"Pump Operators, Except Wellhead Pumpers",9780,61770.0,1420.0,2.2988505747126435
53-7073,54.61964289166617,1.1776829209922126,Wellhead Pumpers,17990,69960.0,-6770.0,-9.676958261863922
53-7081,23.13167906539284,1.9948390558921,Refuse and Recyclable Material Collectors,147240,49690.0,13500.0,27.168444355001007
53-7121,60.38073856934272,1.028174534145346,"Tank Car, Truck, and Ship Loaders",10700,58870.0,4320.0,7.33820281977238
